t,S_A,DeltaH_A,Pi,Pi_avg
0.0,1.1743183974269633e-15,2.23606797749979,1.2334362930033608e-29,1.2334362930033608e-29
0.02004008016032064,0.011923847548868553,2.2353500263111488,0.0012712716392558046,0.0006356358196279023
0.04008016032064128,0.03863125007667867,2.233201693806642,0.013331083955527321,0.0048674518649277085
0.06012024048096192,0.07473130047173837,2.2296394351551068,0.04980806936718124,0.01610260624049109
0.08016032064128256,0.11711953684937759,2.2246903178751505,0.12206418299375837,0.037294921591144545
0.1002004008016032,0.16349958410431586,2.218391497595649,0.2372091776617,0.07061396426957045
0.12024048096192384,0.2120543939948984,2.2107895163250824,0.39765087248171727,0.11733352258559142
0.1402805611222445,0.2613268019869767,2.201939442313846,0.6014967286740895,0.17785392334665368
0.16032064128256512,0.3101685391729868,2.191903893994355,0.8434842716400305,0.25181285093480665
0.18036072144288576,0.35771561356617665,2.1807519734780043,1.1162001043374903,0.338251576275075
0.2004008016032064,0.40337272149111814,2.1685581620294734,1.4113805119630323,0.4358087522467075
0.22044088176352705,0.446798576113132,2.155401208700741,1.7211220723710567,0.5429181955904033
0.24048096192384769,0.4878873581968053,2.1413630589488992,2.038869493807893,0.6579913723763641
0.2605210420841683,0.5267438446306042,2.1265278543959427,2.360097830065143,0.7795704050684197
0.280561122244489,0.5636508790438955,2.110981040798609,2.682654241217526,0.9064426608116934
0.3006012024048096,0.59902933231771,2.0948086081611748,3.0067721481518386,1.0377132537704525
0.32064128256513025,0.6333917073110383,2.078096480085903,3.334805001723174,1.1728362977676714
0.3406813627254509,0.6672917655485262,2.0609300669366073,3.67074974953853,1.3116092673104969
0.3607214428857715,0.7012734186432801,2.0433939749354946,4.019637182609911,1.4541370523262556
0.3807615230460922,0.7358226279962479,2.0255718286149924,4.3868614449246675,1.6007732719561762
0.4008016032064128,0.7713260148674543,2.0075462209623662,4.7775088798306875,1.7520463961406765
0.42084168336673344,0.8080393165134356,1.9893987674270135,5.195732949558489,1.9085776031142136
0.4408817635270541,0.846067776065446,1.971210190585608,5.6442109379745915,2.070996443760317
0.4609218436873747,0.8853592512113022,1.953060418054303,6.123711598373632,2.2398595752025385
0.48096192384769537,0.9257095394450481,1.9350285988129141,6.632799321642903,2.415577165060153
0.501002004008016,0.9667783281435305,1.9171930349519266,7.167697143120954,2.5983510103701835
0.5210420841683366,1.008113460534593,1.8996310124872886,7.722324897428826,2.788127821001985
0.5410821643286573,1.0491808893540737,1.8824184435233742,8.288518352422052,2.9845703399812726
0.561122244488978,1.0893976847273235,1.8656293298397857,8.856420896234292,3.1870479453693084
0.5811623246492986,1.1281657242141154,1.8493350055805067,9.41502296195064,3.394647112588686
0.6012024048096192,1.1649040690294292,1.833603159371495,9.95280887764637,3.6062007179131275
0.6212424849699398,1.1990784525913605,1.818496761814524,10.458459548089133,3.820333806356128
0.6412825651302605,1.2302267428272662,1.804072828840745,10.921552658065103,4.035522256407915
0.6613226452905812,1.2579795704324428,1.7903811197956803,11.333202720832338,4.25015991712628
0.6813627254509018,1.2820756132991198,1.7774628290279253,11.686589719752595,4.46262934005846
0.7014028056112224,1.3023712544265105,1.765349279514338,11.977336194527656,4.671371197127049
0.721442885771543,1.318844498394818,1.754060884544527,12.20370888792668,4.874947891472985
0.7414829659318637,1.3315932052002812,1.7436063005846212,12.366635540353196,5.072097566443516
0.7615230460921844,1.3408278155940634,1.7339818863269716,12.469543926267843,5.261775678233884
0.781563126252505,1.3468588904314054,1.7251715439456003,12.51804395074508,5.443182385046663
0.8016032064128256,1.3500799512960688,1.7171468561057601,12.519483336576654,5.615775091181542
0.8216432865731462,1.3509463100112096,1.7098677775799225,12.482417325276353,5.779266572945703
0.8416833667334669,1.3499508188401086,1.703283702225384,12.416033495447092,5.933609989748061
0.8617234468937875,1.347597738109407,1.6973348991272565,12.329574211188413,6.078972812962615
0.8817635270541082,1.3443761948534938,1.6919543084670834,12.231796565173983,6.215702229678422
0.9018036072144289,1.3407349293917348,1.6870694695907273,12.130502884063617,6.34428485259984
0.9218436873747494,1.3370601512845446,1.682604745350965,12.032170903631522,6.46530370474945
0.9418837675350701,1.3336582446181318,1.6784836148219286,11.941701346806967,6.5793953222923145
0.9619238476953907,1.3307447600529354,1.674630924046282,11.862292470649917,6.6872095498098165
0.9819639278557114,1.3284405855265602,1.6709750671940162,11.795442336793233,6.7893742055494855
1.002004008016032,1.326775452088483,1.6674498736743188,11.741068822643705,6.886466256865058
1.0220440881763526,1.3256981396488563,1.6639963165151532,11.697731415971589,6.978990586847876
1.0420841683366733,1.3250920183219832,1.6605639544442308,11.662930130798577,7.067366804658267
1.062124248496994,1.3247940501290223,1.6571119831091805,11.633451593341515,7.151923930374624
1.0821643286573146,1.3246151507719672,1.6536099489986447,11.605731107069774,7.232902242678172
1.1022044088176353,1.324359873569358,1.65003803169579,11.576198712744292,7.310461108215067
1.122244488977956,1.3238436830867195,1.646386966862643,11.54158158211029,7.384691291967615
1.1422845691382766,1.3229065405210914,1.6426577550623758,11.499141204244797,7.4556300835586
1.1623246492985972,1.3214220375596977,1.6388610196987068,11.446829330780387,7.523277528426766
1.1823647294589177,1.3193018255000057,1.6350161496352742,11.383357223723127,7.587612190015038
1.2024048096192383,1.3164955369736082,1.631150243920825,11.308180681952281,7.648605116112371
1.222444889779559,1.3129867724676048,1.627296866483542,11.22141130771628,7.706231022428563
1.2424849699398797,1.3087860178604478,1.6234949169215491,11.123673110868221,7.760476134943477
1.2625250501002003,1.3039215487734506,1.6197874416361475,11.015924330087183,7.8113425129925975
1.282565130260521,1.2984294920654806,1.616220650982417,10.899269357737332,7.858849079834824
1.3026052104208417,1.2923441846642723,1.6128425811146507,10.774778673228589,7.903029831249882
1.3226452905811623,1.2856899849553685,1.6097024201293642,10.643344272347845,7.943930046788657
1.342685370741483,1.2784753249022933,1.6068499288953744,10.505579412860877,7.981601360995603
1.3627254509018036,1.2706895903836757,1.6043348815608303,10.361770326036986,8.016096563387507
1.3827655310621243,1.262303246581438,1.6022067567860532,10.21188578129993,8.047464980786255
1.4028056112224447,1.2532708489523388,1.6005147096299217,10.055635845923717,8.075749077478331
1.4228456913827654,1.2435366903046512,1.5993073854109763,9.89257020976694,8.100982704315674
1.442885771543086,1.233042332919608,1.5986330092601349,9.722204271773288,8.12319121893838
1.4629258517034067,1.2217349034748723,1.5985394897702163,9.544151474351994,8.14239338455208
1.4829659318637274,1.209575429424934,1.5990742776430005,9.358247808093173,8.15860477686596
1.503006012024048,1.1965460228408384,1.6002845441741076,9.164652815621972,8.171842251060118
1.5230460921843687,1.182655128555042,1.6022165839800293,8.963909285842087,8.182128835927417
1.5430861723446894,1.1679402214418246,1.6049156717065047,8.756961473105994,8.189498485122014
1.56312625250501,1.1524674124377412,1.6084252115493582,8.545120103289333,8.194000024592487
1.5831663326653307,1.1363280635062376,1.6127858485837943,8.329983866211098,8.19569982261272
1.6032064128256511,1.1196323387277198,1.6180346245713124,8.113321204647894,8.194682802637846
1.6232464929859718,1.1025004311711413,1.6242032332823875,7.896922902031343,8.191051584337766
1.6432865731462925,1.0850520775527799,1.6313171910284385,7.682446947992581,8.184923817634813
1.6633266533066131,1.067395336824138,1.6393939817468959,7.471261375379942,8.176427836179398
1.6833667334669338,1.0496159195893882,1.6484418179502227,7.264311062491684,8.165697050606601
1.7034068136272544,1.0317680328927832,1.6584584788760157,7.062016541256923,8.152863556311836
1.723446893787575,1.0138680755652718,1.6694299019792003,6.86421813070917,8.138051539925598
1.7434869739478958,0.995891969366908,1.6813298828020686,6.67017738983055,8.121371151856337
1.7635270541082164,0.9777768540887435,1.694119035057002,6.478633590341032,8.102913426446053
1.783567134268537,0.959427360737886,1.7077453157671652,6.287924130935852,8.082746878718162
1.8036072144288577,0.9407263549273621,1.7221439134525551,6.096155757693604,8.06091620705855
1.8236472945891782,0.9215494876805584,1.7372383034568002,5.901422548020591,8.037443449895095
1.8436873747494988,0.9017827390103726,1.7529411779409465,5.702051964697225,8.012331713495119
1.8637274549098195,0.8813416750144216,1.7691560505619721,5.496860893380625,7.98557138562156
1.8837675350701402,0.860191138807576,1.7857789090533087,5.285396947270951,7.957148496796815
1.9038076152304608,0.8383639376741998,1.802700187382186,5.06814081334951,7.927054666760906
1.9238476953907815,0.8159771159711214,1.81980682895193,4.846645332031929,7.895297869495659
1.9438877755511021,0.7932444135046146,1.8369843762917295,4.623591944297038,7.861913115156897
1.9639278557114228,0.7704834701549598,1.8541190028708776,4.402752253762875,7.826972096354937
1.9839679358717435,0.7481162511593606,1.8710993990573401,4.188852118394273,7.79059089657533
2.004008016032064,0.7266610474427154,1.8878186506651036,3.9873469343671784,7.7529350157613885
2.024048096192385,0.7067142019182302,1.9041755915728886,3.80412363298392,7.714221178675334
2.0440881763527052,0.6889199118572448,1.9200762535613198,3.645154516249737,7.674715677098387
2.064128256513026,0.6739270105598945,1.935434685465085,3.5161244420836053,7.634729222915553
2.0841683366733466,0.662333513151083,1.9501737395174537,3.4220531927711004,7.594608498818938
2.1042084168336674,0.6546228645111791,1.9642254162180628,3.3669266717186894,7.554724707997238
2.124248496993988,0.6511000633245634,1.9775309679141506,3.353349036439974,7.515459514805115
2.1442885771543083,0.6518395440976249,1.9900407865923804,3.382231858387841,7.477188888356807
2.164328657314629,0.6566574878111002,2.0017140415090586,3.4525488227117314,7.4402655850022645
2.1843687374749496,0.6651163768573733,2.0125181589435357,3.5611894804480877,7.405001256779045
2.2044088176352705,0.676561954341696,2.022428150206757,3.702953318556605,7.371649473551816
2.224448897795591,0.690184517819303,2.0314258988012375,3.870716843540102,7.34039114649814
2.244488977955912,0.7050922117839252,2.039499380826734,4.0557894799310725,7.31132387511259
2.2645290581162323,0.72038495459971,2.046641935778984,4.248456029147445,7.284456613305879
2.284569138276553,0.7352213357691397,2.052851584489899,4.438679083765271,7.259710721744655
2.3046092184368736,0.7488747114252549,2.0581304512776297,4.616907995913135,7.236927939625418
2.3246492985971945,0.7607782409092352,2.06248434078341,4.774927884501104,7.215885204111536
2.344689378757515,0.7705595282970829,2.065922398689665,4.906664750838066,7.196315539253286
2.3647294589178354,0.7780661221278062,2.0684570504140076,5.008867126729209,7.177933619820311
2.3847695390781563,0.7833824006717186,2.0701039855163126,5.081591780096677,7.1604641044892805
2.4048096192384767,0.7868371503248373,2.070882371775341,5.128438315660184,7.1436705029287095
2.4248496993987976,0.7889996071854556,2.0708151982345147,5.156498657608645,7.127382209114611
2.444889779559118,0.7906593539575897,2.069929657629497,5.1760016359843055,7.111517326406235
2.464929859719439,0.7927834747237196,2.0682576981232064,5.199646494733498,7.096099013247584
2.4849699398797593,0.7964438180847158,2.065836474721378,5.241628339118104,7.081263247854547
2.50501002004008,0.8027115954083367,2.062708885664454,5.31639209806508,7.06725633396733
2.5250501002004007,0.8125279565930188,2.058923956547909,5.437220222440318,7.054421403955306
2.5450901803607215,0.8265754469245017,2.054537131248621,5.614860711291328,7.043174836043869
2.565130260521042,0.8451841781643155,2.049610386572263,5.856444359108335,7.0339753749823535
2.5851703406813624,0.8682977260319196,2.044212144808276,6.1648609125048335,7.027289879117142
2.6052104208416833,0.8954998053754144,2.038416946099174,6.538588465935207,7.023559333978349
2.6252505010020037,0.926082016965913,2.032304866319268,6.971845436103446,7.02316756202475
2.6452905811623246,0.9591275604276113,2.0259606715138685,7.454932970663491,7.026413918480681
2.665330661322645,0.993592852216946,2.0194727159477823,7.9747099925935805,7.0334907548546575
2.685370741482966,1.028378736809171,2.0129316074241514,8.515206559755258,7.044466427483551
2.7054108216432864,1.062389522830368,2.0064286451440427,9.058395299942893,7.05927472801634
2.7254509018036073,1.0945812189661932,2.000054158588873,9.585123910672259,7.077711583364192
2.7454909819639277,1.1240006167098373,1.9938956632895781,10.076170767077961,7.099439548463568
2.7655310621242486,1.1498167892403626,1.9880360839993885,10.51336023894944,7.1240001289706605
2.785571142284569,1.1713461179053843,1.982551949712849,10.880655313273996,7.150833380287113
2.8056112224448895,1.1880712995406495,1.9775117167772476,11.165137248739322,7.179303620488902
2.8256513026052104,1.1996547383945502,1.9729743490351395,11.357793745204491,7.208729607282674
2.845691382765531,1.2059463114569215,1.9689880288381536,11.454048403219748,7.238417151310205
2.8657314629258517,1.206985491464644,1.9655893371118267,11.453992074290094,7.267691977164231
2.885771543086172,1.2029976066976111,1.9628026181162104,11.362297247178548,7.295930634198813
2.905811623246493,1.1943840961686911,1.9606398250770924,11.187829392854349,7.322587475011522
2.9258517034068134,1.181706306470625,1.959100724452561,10.942986490186637,7.347216039740605
2.9458917835671343,1.165662707999721,1.9581733040561344,10.642825027464626,7.369483668036038
2.9659318637274548,1.1470590852603668,1.957834744663903,10.304041541825574,7.389178687323216
2.9859719438877756,1.126771580192707,1.9580523545440098,9.94388424714829,7.406210057722051
3.006012024048096,1.1057029218849344,1.9587849128443051,9.579076819561678,7.420599903826949
3.0260521042084165,1.0847324159202532,1.9599840176334762,9.224816984672621,7.432469753043038
3.0460921843687374,1.064661978908027,1.9615954470950172,8.893914003828792,7.442021676250787
3.066132264529058,1.0461613290495453,1.963560663644678,8.596103570494844,7.4495157145250985
3.0861723446893787,1.0297178309366681,1.9658179053443041,8.337574818892358,7.455245128101661
3.106212424849699,1.0155974785530242,1.968303564524109,8.12073424525735,7.459511083980865
3.12625250501002,1.003824090507206,1.9709529440077265,7.944223885825164,7.46259842666777
3.1462925851703405,0.994181759617258,1.9737011877330133,7.8032042616085135,7.464754159800306
3.1663326653306614,0.9862421698545927,1.976483729443587,7.689894316977743,7.466170135631611
3.186372745490982,0.9794133314269189,1.9792367591396696,7.594335195684552,7.466971167256942
3.2064128256513023,0.9730025028022636,1.9818973665925652,7.505317458910435,7.467209342981498
3.226452905811623,0.9662841859618843,1.984403608460456,7.411391301282602,7.466864787168541
3.2464929859719436,0.9585649562232825,1.9866945015683242,7.301871345083965,7.465852557462501
3.2665330661322645,0.9492393268992894,1.9887099238279589,7.167750465980935,7.464034861782736
3.286573146292585,0.9378337056860081,1.9903905299187175,7.002449128120027,7.461237372487811
3.306613226452906,0.9240376971134826,1.9916777416912974,6.80234162875186,7.457268121019522
3.3266533066132262,0.9077234327112769,1.992513726309015,6.567021027255154,7.451937300098778
3.346693386773547,0.8889540636937192,1.9928416360761314,6.299287336091901,7.445076288408261
3.3667334669338675,0.8679825480691035,1.9926058507919149,6.004866808188356,7.4365543388211615
3.3867735470941884,0.8452416158718594,1.9917524671398366,5.691897862198021,7.4262916536645545
3.406813627254509,0.8213252080822336,1.9902299225173046,5.370238175571392,7.4142679491143015
3.4268537074148293,0.7969615460539617,1.9879897213603652,5.050668443409574,7.400526091522996
3.44689378757515,0.7729774571337019,1.9849874133499308,4.744073463141759,7.385170874017902
3.4669338677354706,0.7502539433713157,1.981183482278503,4.460681996646926,7.368363466676689
3.4869739478957915,0.7296734609856452,1.9765445514112752,4.209433962373759,7.350312440937816
3.507014028056112,0.7120610900165951,1.9710443183487374,3.9975222549047515,7.331262496698991
3.527054108216433,0.6981235916985074,1.96466476879843,3.8301261420832136,7.31148206531698
3.5470941883767533,0.6883936040279526,1.9573970612132476,3.7103303294430963,7.2912508757896
3.567134268537074,0.683187341865946,1.9492424617163375,3.6391962552142805,7.270848336009849
3.5871743486973946,0.6825840795246535,1.9402130378215616,3.6159441940164956,7.250543312998775
3.6072144288577155,0.6864319268575544,1.930332180377861,3.6382035390978764,7.23058563468993
3.627254509018036,0.6943787683607402,1.9196348919174,3.7022990271481677,7.211199444538603
3.6472945891783564,0.70592170297699,1.9081677574599445,3.8035542312487447,7.192578432444122
3.6673346693386772,0.7204652871676407,1.8959887666892594,3.936605300914011,7.174882926294502
3.6873747494989977,0.7373791624971519,1.8831666888483642,4.095722050170727,7.158238813450589
3.7074148296593186,0.7560480719278249,1.8697803573059637,4.275130780564198,7.14273823262862
3.727454909819639,0.7759105419538077,1.8559174662572937,4.469325189986881,7.128441906197381
3.74749498997996,0.7964852240007655,1.8416733800650085,4.673347214396259,7.115382891879289
3.7675350701402803,0.8173854604004777,1.8271495030033327,4.8830131284908065,7.10357141164972
3.787575150300601,0.8383236591688052,1.812451654145009,5.095066634767772,7.093000333876658
3.8076152304609217,0.859107207002362,1.7976882559011593,5.307244519069424,7.08365082699285
3.8276553106212425,0.8796277642385624,1.7829685020897772,5.518251880410437,7.0754977074794
3.847695390781563,0.8998457210309189,1.7684005366490745,5.727653552624521,7.06851405900865
3.8677354709418834,0.9197715385389126,1.754089637011324,5.935696781035106,7.062674794689198
3.8877755511022043,0.9394458371848915,1.7401366983058892,6.143089604784796,7.057958973202509
3.9078156312625247,0.9589197916026,1.72663667214576,6.3507573084217075,7.054350801443423
3.9278557114228456,0.978237494375483,1.7136774896513463,6.559605066775683,7.05183940177506
3.947895791583166,0.9974216673836767,1.7013389805646075,6.770308220617176,7.050417527122747
3.967935871743487,1.0164636892920371,1.6896923277769778,6.983149852115295,7.050079498605121
3.9879759519038074,1.0353184458459088,1.6787995345048567,7.19791535016266,7.050818677862909
4.008016032064128,1.0539041910800617,1.668713479303754,7.4138539873397304,7.052624823681201
4.028056112224449,1.0721068028266307,1.6594777475732059,7.629701162962217,7.055481637241999
4.04809619238477,1.089787704974851,1.6511271933877454,7.843760584019233,7.059364784763069
4.06813627254509,1.1067944168337176,1.6436881779899075,8.05403184212162,7.064240603671689
4.0881763527054105,1.1229721782952586,1.6371791580849488,8.258367249644607,7.070065611700826
4.108216432865731,1.138175658701671,1.631611134899699,8.45464231105845,7.076786857814213
4.128256513026052,1.1522795404275215,1.6269881226447902,8.640921809940275,7.084343065312406
4.148296593186372,1.1651869183522683,1.6233076131547237,8.815602858092667,7.092666429700772
4.168336673346693,1.176834978139869,1.620560828264551,8.977521721468097,7.101684876072865
4.188376753507014,1.187197511869912,1.6187329393547965,9.126014427248972,7.111324540602275
4.208416833667335,1.1962841095499899,1.617802983132747,9.260923381227276,7.121512212832725
4.228456913827655,1.204136422812419,1.6177440033741706,9.382556240515962,7.132177514850098
4.248496993987976,1.2108218564214057,1.618522716796921,9.491597082588818,7.143254602022581
4.268537074148297,1.2164254368750775,1.620099586705857,9.58898609587632,7.15468325386302
4.288577154308617,1.2210408546235936,1.6224286218885144,9.675779906457239,7.166409284805318
4.3086172344689375,1.2247615814832042,1.6254573022704826,9.753009943097183,7.178384287852965
4.328657314629258,1.2276731782521468,1.6291268975991837,9.821559245641149,7.1905648176123576
4.348697394789579,1.2298476389404742,1.6333725001663368,9.882068368005438,7.202911164173794
4.368737474949899,1.231340516353539,1.6381238632374793,9.934890114683512,7.215385953902149
4.38877755511022,1.232191210082582,1.6433058769413447,9.980093557102471,7.227952806643968
4.408817635270541,1.2324264789377228,1.6488398547842886,10.01752670913445,7.240575312990079
4.428857715430862,1.23206682551622,1.6546445202366888,10.046926488997144,7.253216534503624
4.448897795591182,1.2311351099787704,1.6606376194138424,10.068071638718717,7.2658392031323915
4.468937875751503,1.229666385145367,1.6667374826187238,10.080957775750996,7.278406696760152
4.488977955911824,1.227717836449662,1.6728646899086053,10.0859761403096,7.290884783175928
4.509018036072144,1.225377512902209,1.678943954019717,10.084073506555137,7.303244025314774
4.529058116232465,1.222770650181887,1.6849056578549995,10.076868514808842,7.315462635400651
4.5490981963927855,1.2200624181855912,1.6906878896320547,10.06670941564509,7.3275295072438285
4.569138276553106,1.2174561522727534,1.696237504972984,10.056649409675169,7.339447061402917
4.589178356713426,1.2151865879808925,1.701511861414906,10.050343549183237,7.351233567871528
4.609218436873747,1.2135077516593467,1.706479744747289,10.051855546713842,7.36292457210894
4.629258517034068,1.2126761709887264,1.7111220976143922,10.065391663406816,7.374573137157638
4.649298597194389,1.212930235010882,1.715432584654672,10.094975993076263,7.386248685895486
4.669338677354709,1.2144674906489359,1.7194176641174561,10.144091624952555,7.3980343394812005
4.68937875751503,1.2174220390295214,1.7230963762058675,10.215317737352468,7.4100227794721425
4.709418837675351,1.221844535077862,1.7264997648846077,10.309994088895987,7.422310793495125
4.729458917835671,1.2276872215714323,1.729669993795873,10.427944562537371,7.434992792520619
4.749498997995992,1.2347959615977369,1.7326590731015568,10.567287161208498,7.448153693229392
4.7695390781563125,1.24291045656659,1.7355275221620459,10.724354957771906,7.46186164831116
4.789579158316633,1.2516728312202217,1.7383425671715185,10.893740040063102,7.476161141610126
4.809619238476953,1.2606438228066197,1.7411764520368453,11.068469599770227,7.491066985834856
4.829659318637274,1.2693250600810049,1.744104489301891,11.240307697298563,7.506559716047517
4.849699398797595,1.2771854563661411,1.7472031115293496,11.400169661685021,7.522582802243555
4.869739478957916,1.2836896385558876,1.7505481452075378,11.538626681197654,7.539041998468777
4.889779559118236,1.288326424144407,1.7542129111136104,11.646464932313032,7.555806990035488
4.909819639278557,1.2906356670404833,1.7582668430770565,11.715264634062795,7.572715354442103
4.929859719438878,1.2902320727288332,1.7627739940047817,11.737951020527406,7.589578656733946
4.949899799599198,1.286824957320343,1.767792126033173,11.709278536008803,7.606190349795537
4.969939879759519,1.2802331605400352,1.773371748032983,11.626203511958145,7.622334980968882
4.98997995991984,1.2703945430147021,1.7795557018238735,11.488116124457001,7.637798105542834
5.01002004008016,1.2573696285998808,1.7863788389401893,11.296905312319272,7.652376221904493
5.03006012024048,1.2413392245247907,1.7938680087721817,11.056850399475058,7.665886040069456
5.050100200400801,1.222595754423235,1.8020422356855363,10.774341175451028,7.678172424003771
5.070140280561122,1.2015284611127697,1.8109129222715028,10.457447290665849,7.689114451037874
5.090180360721443,1.1786025539435854,1.8204843753675233,10.115368366585528,7.698629172275315
5.110220440881763,1.1543329702676801,1.8307540037968872,9.757806111537692,7.706672832194309
5.130260521042084,1.129253450883485,1.8417129520848985,9.39430782011511,7.713239505299059
5.150300601202405,1.1038821840354691,1.8533462059309103,9.033623639709544,7.718357273261891
5.170340681362725,1.0786860934327323,1.8656329047713012,8.683130813751973,7.722082267626717
5.190380761523046,1.0540457053452186,1.8785466025349369,8.34835389402787,7.724491004651337
5.210420841683367,1.0302237957702203,1.8920549831104285,8.032614000732773,7.725671552529043
5.2304609218436875,1.0073406103817706,1.9061201336303553,7.736828058240808,7.725714134611913
5.2505010020040075,0.9853587849600398,1.9206980951014243,7.459468472862905,7.724701793692716
5.270541082164328,0.9640803329874119,1.9357388465833272,7.196696763080357,7.722701774637366
5.290581162324649,0.9431571240951733,1.951186034593468,6.942673939986674,7.7197582733745325
5.31062124248497,0.922114600055026,1.966976823734624,6.690044874091965,7.715887170369712
5.33066132264529,0.9003871700797407,1.9830419176082394,6.4305849784690094,7.7110733044824435
5.350701402805611,0.8773618691189362,1.9993054101023382,6.1559721142975175,7.705270688101156
5.370741482965932,0.8524262888202199,2.015685305052388,5.858634312071754,7.698405868859412
5.390781563126252,0.825016516562715,2.032093639895262,5.532596453965749,7.690384352507953
5.410821643286573,0.7946613050924801,2.048437293244084,5.1742427230118535,7.681099697048559
5.430861723446894,0.7610200150585961,2.064618662287504,4.782907677844586,7.670444579330897
5.4509018036072145,0.7239126132608628,2.0805367074575405,4.361216649067781,7.6583228653006294
5.4709418837675345,0.6833416254568319,2.0960880978075216,3.915121786176045,7.644661547493604
5.490981963927855,0.6395063097478887,2.1111684922784777,3.453604127847357,7.6294213386948915
5.511022044088176,0.5928100682117623,2.1256739850382695,2.98804952174358,7.61260477414072
5.531062124248497,0.5438626685060111,2.139502449289353,2.531344639448256,7.594260874737499
5.551102204408817,0.49347884324908775,2.1525550346477056,2.0967725932546295,7.574485737034323
5.571142284569138,0.442675813270453,2.164737579347624,1.696824145396329,7.5534188496090975
5.591182364729459,0.3926732938446873,2.17596193017038,1.34206643554192,7.5312354481302854
5.611222444889779,0.3449023485018947,2.186147137438187,1.0402355292222838,7.508135804290755
5.6312625250501,0.3010361488157429,2.195220489173513,0.7957477835600557,7.484333009891001
5.651302605210421,0.26307427804544303,2.20311835234407,0.6098943274295664,7.46004170712612
5.671342685370742,0.23357109020724554,2.2097868020476557,0.4822236905120328,7.435471925377478
5.691382765531062,0.2162432257751506,2.2151820250607104,0.41433768245774455,7.410836366630392
5.7114228456913825,0.21571245851673626,2.2192704944445945,0.41306717804751053,7.386368642194788
5.731462925851703,0.23060285375885398,2.222028920335146,0.4726493373903007,7.362279027892334
5.751503006012024,0.25513856882772606,2.223443990787962,0.5789464768319161,7.338725789867818
5.771543086172344,0.2852742459732698,2.22351192436439,0.7238100125121573,7.315836807939252
5.791583166332665,0.31827974351331695,2.2222378630941053,0.9004685167474678,7.293714848314453
5.811623246492986,0.35213425533315706,2.2196351401483985,1.1009260116113153,7.27243378701994
5.831663326653306,0.3852948081484315,2.215724460856864,1.3157157011001106,7.252034067547612
5.851703406813627,0.4166009597641386,2.210533038146998,1.5346082681808348,7.232520668914961
5.871743486973948,0.4452328945714523,2.2040937226818587,1.7476905403436547,7.213864784123902
5.891783567134269,0.47069394768152895,2.1964441788413107,1.9465133645516894,7.196009355582979
5.911823647294589,0.4928048339683605,2.1876261123831577,2.1251177972481816,7.178877965183199
5.9318637274549095,0.51170373186355,2.1776846351321373,2.280825957134631,7.162386207580342
5.95190380761523,0.5278481640306742,2.166667754595408,2.4147398095023207,7.146454508257933
5.971943887775551,0.5420113199314409,2.154625969463333,2.531911930264443,7.131021255488724
5.991983967935871,0.5552595508315123,2.141612111237104,2.6411488653348973,7.116055014188211
6.012024048096192,0.5688855267610177,2.1276812725378034,2.754332280634005,7.1015642409870345
6.032064128256513,0.5842654059106265,2.1128909047664064,2.8850770118829105,7.087602362744968
6.052104208416833,0.6026378136442372,2.097301039623982,3.046726858283601,7.074266139957968
6.072144288577154,0.6248782396819641,2.080974615750358,3.2502560598613237,7.061687159431334
6.092184368737475,0.651384810029881,2.0639778529447925,3.5030011334357556,7.050019336395283
6.112224448897796,0.6821122057872286,2.0463806369246487,3.8085358760664563,7.039426253191594
6.132264529058116,0.7166839699929775,2.0282568759136144,4.167142287775297,7.030070279362875
6.152304609218437,0.7545049651532545,2.009684777794478,4.57627525328284,7.022103412395083
6.1723446893787575,0.7948454185859125,1.990746985160482,5.030850464864506,7.015659228098868
6.192384769539078,0.8369004097200392,1.9715305447562523,5.523458079066159,7.010845676005214
6.212424849699398,0.8798347047779516,1.952126657004387,6.04463609853177,7.007738892797904
6.232464929859719,0.9228194709948492,1.9326301882683377,6.583278819962588,7.006378443846509
6.25250501002004,0.9650637868540024,1.9131389209321603,7.127193293349274,7.006764433781022
6.27254509018036,1.0058418405779603,1.8937525421289043,7.66377268521707,7.00885681674738
6.292585170340681,1.0445158367084368,1.8745713800609087,8.18072947823686,7.012577047418775
6.312625250501002,1.0805543452090944,1.8556949162026302,8.666820411910829,7.017811994774763
6.332665330661323,1.113545793100241,1.837220116218649,9.112495909080488,7.024419830466578
6.352705410821643,1.1432068581383932,1.8192396383594254,9.510416648018817,7.032237430521774
6.372745490981964,1.1693856155770108,1.8018399913394922,9.85579604724485,7.04108871145194
6.3927855711422845,1.1920593944932163,1.7850997216542637,10.14654680411327,7.050793267991507
6.4128256513026045,1.2113274208996705,1.769087720773861,10.383229573252146,7.061174689503223
6.432865731462925,1.2273984702398204,1.7538617388216504,10.56881997957064,7.072067997857469
6.452905811623246,1.24057392941323,1.7394671961318489,10.708324782337426,7.0833257588001315
6.472945891783567,1.251226889409348,1.7259363810440522,10.808288104112014,7.094822556162205
6.492985971943887,1.2597782057334934,1.713287838045707,10.876233049863366,7.106457665373593
6.513026052104208,1.2666705968727827,1.7015267186020466,10.92008812819841,7.118155918327044
6.533066132264529,1.2723422801324495,1.6906449479411358,10.947635282495224,7.129866864394837
6.55310621242485,1.277201938273094,1.6806222545387726,10.966025194284358,7.141562469059134
6.57314629258517,1.2816065206976437,1.67142760828927,10.981381503297786,7.153233651534023
6.593186372745491,1.285843713118532,1.663020745199781,10.998514450935966,7.164886017592817
6.613226452905812,1.2901205154560638,1.655353793637169,11.020755883939156,7.17653517126758
6.633266533066132,1.29455840297985,1.6483736354400005,11.049915250744956,7.1882019787358855
6.6533066132264524,1.2991955621898854,1.6420238618786496,11.08634813341895,7.199908123344543
6.673346693386773,1.3039954654065598,1.6362465792129952,11.129122050644694,7.211672236899334
6.693386773547094,1.3088605688426043,1.6309844747670497,11.176262323990331,7.2235068341742315
6.713426853707414,1.3136495427845396,1.6261823674249345,11.225049816374776,7.235416188287924
6.733466933867735,1.318196153365267,1.6217885226547653,11.272345561764315,7.2473952072003165
6.753507014028056,1.322327953998774,1.6177556981464754,11.314914785206762,7.259429288792052
6.773547094188377,1.3258831820621586,1.6140420648525702,11.349725662098582,7.271495059804756
6.793587174348697,1.328724629563501,1.610611308660567,11.37419595349711,7.283561827139145
6.813627254509018,1.3307496413096387,1.6074330320566477,11.386377955768932,7.295593545991433
6.833667334669339,1.3318958070608407,1.604482589856779,11.385064718833172,7.307551064040678
6.853707414829659,1.3321423711049383,1.601740337971459,11.369814738123194,7.319394398367449
6.8737474949899795,1.331507669551647,1.5991919809528934,11.340910925241054,7.3310848533874315
6.8937875751503,1.330043245017428,1.5968269665903152,11.299243639929937,7.342586762913641
6.913827655310621,1.327825438061904,1.5946389455009828,11.246161783289953,7.353868771643053
6.933867735470941,1.324945535938849,1.5926244662272802,11.183285880537115,7.36490455581854
6.953907815631262,1.3214994934006588,1.5907829859141143,11.11232489830741,7.375673005078566
6.973947895791583,1.31757832766495,1.5891164108149736,11.034904763017066,7.386157909829106
6.993987975951904,1.3132601352234194,1.5876290539839735,10.952431653511285,7.396347263382483
7.014028056112224,1.3086044869804587,1.5863276778227766,10.866000063941932,7.406232314096328
7.034068136272545,1.3036496788142689,1.585221742191936,10.776353160984906,7.415806521047716
7.054108216432866,1.298412978729772,1.5843237920872077,10.68389549806003,7.425064563475512
7.074148296593186,1.2928936652934615,1.5836499599267035,10.588752580950187,7.4340015352762885
7.0941883767535066,1.2870783293101924,1.5832205290737509,10.490866490381253,7.442612422473768
7.114228456913827,1.2809476540692493,1.5830604985567722,10.390112953727257,7.450891918348075
7.134268537074148,1.2744837261174695,1.5832000827261756,10.286423104357441,7.458834582734656
7.154308617234468,1.2676768735007553,1.5836750801206365,10.179892906901058,7.466435304310539
7.174348697394789,1.2605310793034528,1.5845270993750367,10.070865095750692,7.473689983395331
7.19438877755511,1.2530672089930954,1.5858032584531148,9.959969940983715,7.480596316610854
7.214428857715431,1.2453234153405162,1.587555987460909,9.848120404078141,7.487154555080292
7.234468937875751,1.2373525331200845,1.5898424744126538,9.736457899436266,7.493368100230446
7.254509018036072,1.2292165294290327,1.5927231646249431,9.62624855266926,7.499243803956173
7.274549098196393,1.2209783286628093,1.5962606910211354,9.518745637012538,7.504791885915119
7.294589178356713,1.212691823709406,1.6005180456696178,9.41502473578106,7.510025400572286
7.314629258517034,1.2043910265508435,1.6055565158355414,9.315809755269843,7.51495923760698
7.3346693386773545,1.196079539738538,1.6114341726340962,9.221311294478529,7.519608698252407
7.354709418837675,1.1877216100355916,1.618202717073151,9.131081813513395,7.523987701283008
7.374749498997995,1.1792358983980697,1.625906418447823,9.043924328659177,7.528106770733891
7.394789579158316,1.1704930196482242,1.6345790503031645,8.957845670045083,7.5319709299212185
7.414829659318637,1.161317399633683,1.644243125128754,8.87008725400164,7.53557771246591
7.434869739478958,1.151493757133519,1.6549077540535566,8.77721946781366,7.538915459120071
7.454909819639278,1.1407779349188703,1.666568088106262,8.67531549489951,7.54196210800956
7.474949899799599,1.128911473801744,1.6792044574431038,8.560188808802707,7.544684639295103
7.49498997995992,1.1156390380810597,1.6927827297627616,8.427691235397054,7.547039323551376
7.51503006012024,1.1007275171622637,1.7072545366264924,8.274045673129875,7.54897285107685
7.535070140280561,1.083985469737243,1.722558221047378,8.096192439992151,7.550424361922779
7.5551102204408815,1.065281907950569,1.738620476361846,7.89212370746212,7.551328328445369
7.575150300601202,1.0445630155503502,1.7553576571921652,7.661166468123207,7.551618138840298
7.595190380761522,1.0218659985406544,1.772677827751908,7.404192501673942,7.551230176637229
7.615230460921843,0.9973290808827784,1.7904827737447118,7.123724309471248,7.550108113993748
7.635270541082164,0.971196879038791,1.8086700485157508,6.823919490342516,7.548207096654347
7.655310621242485,0.9438204193256098,1.8271349821759713,6.510425325465029,7.54549748367474
7.675350701402805,0.9156510532976088,1.8457725385279626,6.190107200649864,7.541967821479363
7.695390781563126,0.8872274546492,1.8644789797114747,5.87066673838383,7.537626779705089
7.715430861723447,0.8591547809451863,1.883153274848484,5.5601752916012455,7.5325038483887585
7.735470941883767,0.8320750418811192,1.901698231553803,5.266554527268388,7.526648682184313
7.755511022044088,0.8066279420135772,1.920021333503079,4.997037053367401,7.520129064584269
7.775551102204409,0.7834023133114649,1.9380352892139263,4.757637748927973,7.5130275444926085
7.7955911823647295,0.762880184701178,1.9556583096182762,4.5526644063498924,7.505436869779421
7.8156312625250495,0.7453788076655729,1.9728141450049317,4.3842998257237005,7.497454422096415
7.83567134268537,0.7309999893358501,1.9894319214847034,4.252299199917121,7.489175964896978
7.855711422845691,0.7195988882465736,2.0054458241417135,4.153860362118378,7.480689156747414
7.875751503006012,0.7107831776562445,2.0207946782587047,4.083724749440342,7.4720674196730315
7.895791583166332,0.7039468451732951,2.0354214814742084,4.034540494827591,7.463364819863296
7.915831663326653,0.6983333178719047,2.04927294384246,3.9974710151429496,7.454612562780668
7.935871743486974,0.6931151938728486,2.0622990726729307,3.962985434892076,7.445817532231831
7.955911823647294,0.6874763256999452,2.0744527928516754,3.9217422044376224,7.436963071609232
7.975951903807615,0.6806858330867253,2.0856898612771464,3.865477458605514,7.4280119798473185
7.995991983967936,0.6721589303164015,2.0959686925013514,3.78781473121822,7.4189114867257455
8.016032064128256,0.6615042628345014,2.1052506060461815,3.6849286803636145,7.409599808904393
8.036072144288577,0.6485598887524433,2.11349997089313,3.5560053733173262,7.400013753094476
8.056112224448897,0.6334207256023923,2.120684740267612,3.403459927413771,7.390096746082861
8.076152304609218,0.6164597457623034,2.1267770018653858,3.2328934578405844,7.379806638933746
8.09619238476954,0.5983444823150259,2.1317536582807355,3.052808690013956,7.369122693380858
8.11623246492986,0.580047331481709,2.1355972727019554,2.8741287250472847,7.358051279665751
8.13627254509018,0.5628431432407082,2.1382968173176833,2.709584755979967,7.346629985995761
8.1563126252505,0.5482774053286797,2.139848555837391,2.573023347564302,7.334929969725095
8.176352705410821,0.5380719821435715,2.1402568022832598,2.478601079291162,7.323056304956308
8.196392785571142,0.5339251814105239,2.1395346105409443,2.439720724740219,7.3111457303704155
8.216432865731463,0.5371989256868559,2.1377043512495097,2.4676178521700955,7.299360991007397
8.236472945891784,0.5485941494973625,2.134798086827226,2.5699172514152746,7.287881758629746
8.256513026052104,0.5680012788924437,2.130857778069456,2.7498758222081285,7.276893850793375
8.276553106212425,0.5946101694887178,2.1259352414368538,3.0065933166444676,7.266579115203642
8.296593186372744,0.6271659609267365,2.1200918788400958,3.335643526224624,7.257106981254295
8.316633266533065,0.664211536951001,2.113398151216175,3.729530335682546,7.24862722970244
8.336673346693386,0.7042501779192695,2.105932810989417,4.177903775067744,7.241263384487488
8.356713426853707,0.7458386702793561,2.0977819004844447,4.667777209416536,7.235106718996889
8.376753507014028,0.7876393622696042,2.0890375424355696,5.183953053979238,7.2302113641877765
8.396793587174349,0.8284517878875348,2.0797965537922405,5.709726748718152,7.226591162722373
8.41683366733467,0.8672345106198818,2.0701589241750606,6.227830471028152,7.224218809535451
8.436873747494989,0.9031216835518394,2.060226205697643,6.721519107988971,7.2230275780151985
8.45691382765531,0.9354357865434997,2.0500998670585124,7.17567845884706,7.222915641563264
8.47695390781563,0.9636966553875341,2.0398796663783574,7.5778367270681635,7.223752719595116
8.496993987975952,0.987626352044854,2.0296620970189942,7.918976817252568,7.225388541001369
8.517034068136272,1.0071491883848875,2.0195389577708345,8.194073228532066,7.227662448718577
8.537074148296593,1.0223861090992692,2.0095960943559996,8.402309015644134,7.23041337744674
8.557114228456914,1.0336425904878361,1.9999123582397842,8.54696148717543,7.233489424432087
8.577154308617233,1.0413893064423707,1.990558727729109,8.634977575388614,7.23675629657884
8.597194388777554,1.0462347802106606,1.981597826697984,8.67628511588359,7.2401040380190835
8.617234468937875,1.0488896899025972,1.9730834993281094,8.682905791544139,7.243451605892692
8.637274549098196,1.050123321070659,1.965060736511825,8.667953568065473,7.246749064138463
8.657314629258517,1.0507131710050701,1.9575658646803178,8.644596511220792,7.2499773492356505
8.677354709418838,1.0513906356291518,1.9506266372980983,8.625064491066476,7.253145752788256
8.697394789579159,1.0527868965820586,1.9442627942632569,8.619774383866206,7.256287427802228
8.71743486973948,1.0553844988954477,1.9384864597403406,8.636627433166709,7.259453345245724
8.737474949899799,1.059480287756308,1.9333025989722548,8.680516916020668,7.262705206963745
8.75751503006012,1.0651646945119264,1.92870961000542,8.753069198897677,7.266107864479576
8.77755511022044,1.072320020953874,1.924699611780103,8.852619120623766,7.2697217853363965
8.797595190380761,1.080637517719603,1.9212588768296928,8.974411127189963,7.273596079295154
8.817635270541082,1.0896502996955058,1.9183680256528237,9.111003297646539,7.277762535572595
8.837675350701403,1.0987772791670403,1.916002186529397,9.252845965902404,7.282231050120853
8.857715430861724,1.1073726919441282,1.914131035493681,9.388998620801685,7.286986733124648
8.877755511022043,1.1147762503905791,1.912718780779397,9.507942114855645,7.291988884885303
8.897795591182364,1.1203600649829495,1.9117241062566295,9.598435437322056,7.297171910845836
8.917835671342685,1.1235697456976599,1.9111001201730817,9.650359763449348,7.302448116793377
8.937875751503006,1.1239582255019485,1.9107943501844111,9.655489141478569,7.307712190674104
8.957915831663327,1.1212116821408693,1.9107488275773175,9.608128911757328,7.312847049426522
8.977955911823647,1.1151674663064328,1.9109003024318294,9.505570830155001,7.317730621321241
8.997995991983968,1.1058242237319424,1.911180621499395,9.348327592217892,7.322243059034345
9.018036072144287,1.0933444993859893,1.9115172930631505,9.140127866567834,7.32627384574728
9.038076152304608,1.078050099015661,1.9118342513436917,8.88767401121366,7.329728270892117
9.05811623246493,1.0604104106672583,1.9120528207033733,8.600185969501695,7.332532813273153
9.07815631262525,1.041023803605594,1.9120928673205344,8.288773892995643,7.334639071158005
9.098196392785571,1.0205921764613168,1.9118741141691882,7.965696476771604,7.336026010511001
9.118236472945892,0.9998887900345528,1.9113175847049317,7.643569972873374,7.3367004490249546
9.138276553106213,0.9797197868576324,1.9103471322449117,7.334593356945491,7.336695838320185
9.158316633266534,0.9608803770756511,1.9088910060222728,7.049848299660569,7.3360695336506225
9.178356713426853,0.9441076355025754,1.9068834015018838,6.798719911455089,7.334898837305969
9.198396793587174,0.9300331654919136,1.904265941788489,6.588468340610047,7.333276162313153
9.218436873747494,0.9191402697702189,1.9009890387156305,6.423965384044924,7.3313036877399025
9.238476953907815,0.9117311794593432,1.8970130862340064,6.307596918348121,7.329087872221739
9.258517034068136,0.9079096512020863,1.8923094447048447,6.23932220715697,7.326734166681642
9.278557114228457,0.9075824146960472,1.88686118228859,6.216874296447613,7.324342227306138
9.298597194388778,0.9104797685786068,1.880663548427869,6.236080291621095,7.3220018790573524
9.318637274549097,0.9161920562283197,1.8737241640854014,6.291275342317988,7.319790019536453
9.338677354709418,0.9242160657021492,1.8660629235535855,6.375779699655156,7.317768584161975
9.358717434869739,0.9340044238711677,1.8577116129573412,6.48240489444205,7.315983619013
9.37875751503006,0.9450117959805876,1.848713260688455,6.603953503370346,7.314465431133165
9.39879759519038,0.9567334996080727,1.8391212446026315,6.733677524735223,7.313229712183382
9.418837675350701,0.9687341767421247,1.828998189541752,6.865663446288662,7.312279465334349
9.438877755511022,0.9806658661038972,1.818414696741653,6.995117958342215,7.311607512989027
9.458917835671341,0.9922759699368555,1.807447950479686,7.118536877471132,7.3111993298272555
9.478957915831662,1.0034062692326915,1.796180254647422,7.233750568839511,7.311035935816733
9.498997995991983,1.013984473236616,1.7846975521689594,7.339850750923266,7.311096598585379
9.519038076152304,1.024009956105386,1.7730879876563925,7.437014653474856,7.311361132314138
9.539078156312625,1.033535424845656,1.7614405720523882,7.526251390040367,7.311811635999098
9.559118236472946,1.0426463183028378,1.7498437363929982,7.6090999117332645,7.312433577998542
9.579158316633267,1.0514399508199528,1.7383847384916722,7.687317898270286,7.313216217498065
9.599198396793588,1.0600059811735454,1.727148029550072,7.762581705812432,7.31415239559872
9.619238476953907,1.0684101357454723,1.7162154133305507,7.836241074930627,7.315237819048474
9.639278557114228,1.0766823553731832,1.7056647435150618,7.909132581720278,7.316469965858996
9.659318637274549,1.084810279395713,1.6955701898168736,7.981478488612584,7.317846795098652
9.67935871743487,1.0927383027243698,1.6860016558131405,8.052863184810414,7.319365424003015
9.69939879759519,1.1003718419895858,1.6770248715444882,8.122288882510944,7.3210209362885985
9.719438877755511,1.1075858906047367,1.6687013746309616,8.188294317314039,7.322805449418281
9.739478957915832,1.1142365794623716,1.6610883629587991,8.249118660537347,7.324707529933926
9.759519038076151,1.1201742493640636,1.654238741854884,8.302891232477664,7.326712004734221
9.779559118236472,1.1252565452095864,1.648200951992357,8.347823295897646,7.328800166883839
9.799599198396793,1.1293602154683091,1.6430185994732018,8.38238184069631,7.330950333565089
9.819639278557114,1.1323905577178563,1.6387300496496056,8.4054290694865,7.333138681296091
9.839679358717435,1.134287768079732,1.63536794730038,8.416314781783376,7.335340258736105
9.859719438877756,1.1350298349839956,1.6329583215742596,8.414913312165496,7.337530062089917
9.879759519038076,1.1346319919788446,1.6315200163867953,8.401608631195343,7.339684067290536
9.899799599198396,1.1331429786689016,1.631063273596437,8.377225854419745,7.341780111304938
9.919839679358716,1.1306386509540283,1.6315894831286113,8.342928932233248,7.343798556508423
9.939879759519037,1.1272138754802972,1.6330897060958496,8.30008776911599,7.345722679672623
9.959919839679358,1.1229735195698987,1.6355443564783787,8.25014058324895,7.347538779880608
9.97995991983968,1.1180236772370382,1.6389224981909825,8.194461335510187,7.349236019471048
10.0,1.1124641210275863,1.6431817001713895,8.134251707401129,7.350806050846909
