t,S_A_nats,dH_std,dK_ball,Pi_std,Pi_ball,Pi_fluct_ball,sqrtF_sld,sqrtF_bures,triad_pure,hatPsi
0.05,0.005229185297282022,3.6052060494638964,7.693699712819706,0.00039432848053156663,0.0008415177595392879,0.0008414740704073515,15.38660055702845,,0.0008414740704073515,2.1777096613334986e-06
0.1,0.017416558815976493,3.6041704906151897,7.688916877537891,0.0043731061507174445,0.009329317183265884,0.009327375990190291,15.374634019895108,1.9989469730423195,0.009327375990190293,2.4138969367047114e-05
0.15000000000000002,0.034511376664632866,3.6024534003708197,7.681010395894772,0.017162594061762872,0.036593412532512685,0.036576280886818316,15.354828877203259,1.9974545355156785,0.036576280886818316,9.465831813963418e-05
0.2,0.05535382660289703,3.600061218834577,7.670073194937334,0.04412301443133384,0.09400583203947943,0.09392764502577775,15.327387604489234,1.995197830095259,0.09392764502577775,0.0002430819287633185
0.25,0.07911902104357592,3.597015743658043,7.656224838325366,0.09006667704481003,0.19170634187845773,0.19145745915231088,15.29257029142973,1.9933548421094542,0.19145745915231088,0.000495486163142869
0.3,0.10511440556710541,3.593335104081084,7.639631683921428,0.1588115881512858,0.3376423310023319,0.3370118424476699,15.250731990724079,1.990269661030194,0.3370118424476699,0.0008721765424415407
0.35,0.13277427939526013,3.589043021836,7.620483975769395,0.2530850907941501,0.537366330570303,0.5360020707200147,15.202274346314681,1.9865932656207685,0.5360020707200147,0.0013871572861855108
0.39999999999999997,0.16162220660100113,3.58416640970169,7.5989981326601415,0.37449861883033436,0.7939961430006175,0.7913657149025239,15.147646856493258,1.9823307539043415,0.791365714902524,0.0020480307398623096
0.44999999999999996,0.19125755970336553,3.578734882704365,7.575412784142921,0.5236326741371814,1.1084178582282076,1.1037730055759865,15.08733565624429,1.9775058428749295,1.1037730055759865,0.0028565314401171353
0.49999999999999994,0.2213475230980753,3.572779801355283,7.54998501354332,0.7001894694407466,1.4796377876165658,1.471982574475664,15.021847198684982,1.972131629789858,1.4719825744756643,0.00380944676310516
0.5499999999999999,0.251622330472736,3.5663261502038917,7.522987178315033,0.9031906023857129,1.9052355379593893,1.8932983141498119,14.951704036898036,1.966257787941909,1.893298314149812,0.004899799263588157
0.6,0.28186955931130636,3.559407987227408,7.494699193401309,1.1311862434397038,2.381828848144504,2.3640364119265014,14.877426481285065,1.9598823447333136,2.3640364119265014,0.006118055344835902
0.65,0.3119256341961612,3.5520849230330995,7.4653921983911,1.3824373700550203,2.9054590137334078,2.8799162648030254,14.799523458191077,1.9528845007990583,2.879916264803025,0.007453136934637787
0.7000000000000001,0.3416801981948416,3.5443686594487898,7.435339317667021,1.655154349835175,3.4721653971658144,3.4366216991748484,14.718451177861404,1.94547163398558,3.436621699174849,0.00889387390513231
0.7500000000000001,0.3710627664666471,3.5362932304013963,7.404816003583647,1.9476145809825582,4.078204684523724,4.030025515749042,14.63467370684658,1.937640031688476,4.030025515749042,0.01042958518830972
0.8000000000000002,0.4000393941325074,3.527942603134042,7.374176521192753,2.2583280246686472,4.72040261705766,4.656532130872719,14.54879708166293,1.9295060272913616,4.656532130872719,0.012050965521495398
0.8500000000000002,0.4286099334120477,3.5192662997793978,7.343536933140045,2.586048026349286,5.39622113665008,5.3131360814160224,14.460938518505202,1.9208992474880042,5.3131360814160224,0.013750236856232653
0.9000000000000002,0.4567954747081234,3.5103269120340888,7.313173537206263,2.929888820835694,6.103928758896171,5.997592120826416,14.371541254002578,1.9119515787426178,5.997592120826416,0.015521588561770666
0.9500000000000003,0.48463617828203753,3.50115416737883,7.283294120425691,3.2892954816400013,6.842573990309877,6.708386012668967,14.280926584881596,1.902657107501579,6.708386012668966,0.01736110183962251
1.0000000000000002,0.5121835496435678,3.49177191743877,7.254077803396517,3.664013882316634,7.6119066203343655,7.444648108769528,14.189363925105713,1.8930927691405752,7.444648108769528,0.019266526066391218
1.0500000000000003,0.5394954287302276,3.482202861349118,7.225676699212614,4.054054639320273,8.412286506858514,8.206076369456989,14.097107787853398,1.8832773042098143,8.206076369456989,0.02123707957246507
1.1000000000000003,0.5666307873234057,3.4724673926329186,7.198214210064714,4.459626661544718,9.244535477804599,8.992797398397292,14.004399069437941,1.873224684478523,8.992797398397292,0.023273090004335136
1.1500000000000004,0.5936455337146305,3.4625838502633677,7.171784594828932,4.881066223204566,10.109778437063914,9.805225431913867,13.91147494263927,1.8629784601302486,9.805225431913865,0.02537562939318493
1.2000000000000004,0.6205879316172961,3.452555183767832,7.146435626844205,5.3187217613627125,11.009209313547656,10.643861891153215,13.81855347823066,1.8525446922026911,10.643861891153215,0.027545995401905717
1.2500000000000004,0.6474982586848136,3.4423937066024477,7.122202533112748,5.772949255421888,11.944047460822734,11.50926873039548,13.725890352457064,1.841954256869285,11.50926873039548,0.02978564235132348
1.3000000000000005,0.6744067171150949,3.4321100980664565,7.099094647088844,6.244029940151883,12.91536642410368,12.40193528674059,13.633761446106625,1.8312224026475479,12.40193528674059,0.03209583663117929
1.3500000000000005,0.7013409743144694,3.421754437223684,7.077151473385385,6.732358824059651,13.924413351447694,13.322548386728856,13.542501298208517,1.8204122682769623,13.322548386728856,0.03447835572796394
1.4000000000000006,0.7283068393092157,3.411306359355402,7.056300104087212,7.237848557022248,14.971517109924475,14.271129563754076,13.452393940678999,1.8095011585273484,14.271129563754075,0.036933255369454875
1.4500000000000006,0.7553027842262853,3.400813325315994,7.036534413999102,7.760415174469904,16.056873229583825,15.247743526924637,13.363905977081458,1.798534809788557,15.247743526924639,0.03946070302088419
1.5000000000000007,0.7823230056294421,3.390252545427442,7.017749811374907,8.299735367248548,17.180273601306766,16.2521579361218,13.277271472787119,1.7874679617418303,16.2521579361218,0.04206009739299167
1.5500000000000007,0.809352966179565,3.379630112138807,6.999867969397167,8.855336883172464,18.341116320422465,17.28399828348308,13.192839939949964,1.776196947155565,17.28399828348308,0.044730469270659386
1.6000000000000008,0.8363763017775055,3.368950124348381,6.982796464015005,9.426663630602258,19.538571672965922,18.34281396259975,13.110900696528104,1.764962750991355,18.34281396259975,0.04747065249801365
1.6500000000000008,0.8633747301461977,3.3582401369811463,6.966453257105361,10.013142707685605,20.771620784844664,19.428112859163658,13.031726460737364,1.7538722273301026,19.428112859163658,0.05027937349798181
1.7000000000000008,0.8903287429954719,3.3474937434031626,6.950746007187685,10.614035935337554,22.03901591842611,20.539351494632655,12.955552636284645,1.7425591840842898,20.53935149463265,0.05315522576439378
1.7500000000000009,0.9172207847549863,3.33671949011959,6.935585330622681,11.228647919603109,23.339464412435532,21.67595087503426,12.882507006980422,1.73116301972694,21.67595087503426,0.056096710878210804
1.800000000000001,0.9440345423809944,3.3259341260813025,6.920895431456263,11.856306166075694,24.671641730746092,22.83730797800407,12.812655288744608,1.719698092246469,22.837307978004073,0.05910226823563636
1.850000000000001,0.9707586353306418,3.315147285686648,6.9066052967206595,12.496412262016744,26.034374850097613,24.022853582368498,12.745945984849262,1.7081417963627705,24.022853582368498,0.06217042470934215
1.900000000000001,0.9973838057812331,3.304376937701374,6.892684780342539,13.148439082941394,27.42666701193442,25.2318613536364,12.682202081371779,1.6963309121463728,25.2318613536364,0.06529930056744533
1.950000000000001,1.0239067297741238,3.293617294586505,6.8790311116284695,13.81191575461598,28.847491887828156,26.463622860527437,12.62113778846624,1.6843516647269698,26.46362286052744,0.06848706241103582
2.000000000000001,1.0503244387495692,3.2828861815172754,6.8656168836296,14.486476244820935,30.296084113636322,27.71720354801903,12.562395848420902,1.6723765764814054,27.71720354801903,0.0717312916397392
2.0500000000000007,1.0766359395462146,3.272191991196879,6.85240521016227,15.171779239972071,31.771723478055907,28.99138872078002,12.505506240939285,1.6603340905916852,28.991388720780023,0.07502884465846292
2.1000000000000005,1.102842237909228,3.2615470474084765,6.83939619684674,15.867569916107858,33.273963478055016,30.28489360748697,12.449997806697242,1.6480872630216992,30.28489360748697,0.07837639651754777
2.1500000000000004,1.1289426928794384,3.25096258430088,6.826571204707785,16.573558148920863,34.802176858428574,31.59557085194296,12.395167983403983,1.6356940060710008,31.595570851942963,0.08176838992354783
2.2,1.1549341996577367,3.240455260082255,6.813945192182258,17.289423188323056,36.35575021229822,32.92093229768998,12.340354801762285,1.6231746476958322,32.92093229768998,0.08519838560216095
2.25,1.1808101911936166,3.230032428508967,6.80152781952949,18.014701044465603,37.9338266801861,34.257754067415625,12.284817415788531,1.610484965472538,34.257754067415625,0.08865804025557551
2.3,1.2065588179687081,3.2197050783007763,6.789344637927934,18.74878288471072,39.5352820989322,35.60211900380289,12.227814899738368,1.5976370305603667,35.60211900380289,0.092137216398117
2.3499999999999996,1.232161934730028,3.209483775212197,6.777429039104614,19.490848771372765,41.158595497546806,36.94931847688516,12.168606872666107,1.5846280317898076,36.94931847688516,0.09562372823662728
2.3999999999999995,1.2575942652708478,3.1993785853993915,6.765820743631326,20.239823524857137,42.80175483978275,38.29381770926352,12.106471203342222,1.5714552783729003,38.29381770926352,0.09910325193316666
2.4499999999999993,1.2828228901599181,3.189399009740865,6.754564222550603,20.99434104015211,44.4621774926051,39.62925112336774,12.040720311050578,1.558115238577887,39.629251123367744,0.10255931356386494
2.499999999999999,1.307807113476019,3.179553925763572,6.74370710592049,21.75272036472815,46.13665260025113,40.948452925255665,11.970715576664709,1.544604296925461,40.948452925255665,0.10597336826887702
2.549999999999999,1.3324987132248907,3.1698515640562355,6.733298629282813,22.512955543624543,47.82130949659281,42.243525295466036,11.895879638691243,1.5309177565661762,42.243525295466036,0.10932497672826531
2.5999999999999988,1.3568425492774658,3.160299505371159,6.723388153059895,23.27271991617083,49.51161404415287,43.5059440758902,11.815706461384103,1.5170495081744784,43.50594407589019,0.11259207867645453
2.6499999999999986,1.3807775199316326,3.1509046893839887,6.714023805397677,24.029385980041745,51.20239594763201,44.726701768998595,11.72976908038097,1.5029920253334463,44.726701768998595,0.11575136297994164
2.6999999999999984,1.4042377996617768,3.1416734499204653,6.705251259481938,24.780059898006503,52.887905280337904,45.896483206332064,11.637725116689797,1.488736089625219,45.89648320633206,0.11877872226208382
2.7499999999999982,1.4271543156326787,3.132611557198376,6.697112684660803,25.521629956251253,54.56189782626331,47.005868913253785,11.539320056456118,1.4742718524040201,47.00586891325378,0.12164977920497834
2.799999999999998,1.4494564004717585,3.1237242729601005,6.689645883239548,26.250827389364925,56.217746520401704,48.04555921115713,11.434388508198875,1.4595880338565077,48.04555921115714,0.12434046651925622
2.849999999999998,1.4710735319838888,3.1150164228969683,6.682883594329455,26.96429657319696,57.848573085231585,49.00660919783628,11.322853690423884,1.444672618448373,49.006609197836276,0.12682763506623526
2.8999999999999977,1.491937120488586,3.1064924560981098,6.676853007850435,27.658672624984916,59.447397384392254,49.88066643187925,11.204725264784004,1.4295141700294391,49.88066643187925,0.129089668978002
2.9499999999999975,1.5119822577129047,3.0981565257206896,6.671575448829303,28.330662915694592,61.00729694844566,50.66020074039151,11.080095935998397,1.4141008110425062,50.66020074039151,0.13110708039290903
2.9999999999999973,1.531149365153322,3.0900125645117407,6.667066217222328,28.977128983029402,62.52157027891441,51.338716480508786,10.949137097990958,1.3984216935067901,51.33871648050878,0.13286305878200536
3.049999999999997,1.5493857106126259,3.082064352855359,6.663334600569951,29.595166418178607,63.98389969410547,51.910940107403846,10.812093824210736,1.382467686283794,51.91094010740384,0.1343439563694134
3.099999999999997,1.5666467181669625,3.0743155910049405,6.660383991443646,30.18217865207582,65.38850471609078,52.37297405278125,10.669279546305306,1.3662314719869342,52.37297405278125,0.1355396863652591
3.149999999999997,1.5828970655568817,3.06676996006408,6.658212140967042,30.735942839664457,66.73028314613035,52.722413178050246,10.521070643577252,1.3497081218788398,52.722413178050246,0.1364440243429912
3.1999999999999966,1.5981115114507871,3.059431183471446,6.656811463988958,31.25466439354373,68.0049315578963,52.95841814884842,10.367901179279725,1.3328955035376455,52.958418148848416,0.13705479813044866
3.2499999999999964,1.612275467626795,3.052303065886711,6.6561694378603224,31.737019293183295,69.2090442227111,53.081745644415236,10.210257836523882,1.3157952914088322,53.081745644415236,0.1373739659908129
3.2999999999999963,1.6253852860034872,3.0453895438696255,6.656269029943092,32.18218236298148,70.34018495594631,53.09473392998647,10.048675116011657,1.2984115674404206,53.09473392998647,0.13740757928439773
3.349999999999996,1.6374482599593447,3.0386947198532415,6.65708912712047,32.58984047649734,71.39692950174316,53.001245115468976,9.883730716274597,1.2807518213700277,53.001245115468976,0.13716563303583085
3.399999999999996,1.6484823710875722,3.0322228853266266,6.6586050028089545,32.96019154005984,72.37887997753269,52.8065684426494,9.716040947926947,1.2628268278978816,52.8065684426494,0.13666181564425012
3.4499999999999957,1.6585157645495991,3.0259785415273526,6.660788733005039,33.29392854630787,73.28664797034142,52.51728679098015,9.54625601888407,1.2446500053831306,52.51728679098016,0.13591316340428072
3.4999999999999956,1.6675860060946763,3.0199664035546085,6.6636096218438965,33.59221079391959,74.1218110247508,52.14111371937978,9.375054987744319,1.2262377963421596,52.14111371937978,0.13493963877510104
3.5499999999999954,1.6757391268149064,3.0141914042330766,6.667034578238103,33.85662307459315,74.88684242934434,51.686705946352554,9.20314022065183,1.2076084235140885,51.68670594635256,0.1337636450846153
3.599999999999995,1.6830285022108729,3.008658693510467,6.6710284717769515,34.089125210375556,75.58501911396473,51.163459130512095,9.03123123008335,1.1887809949109025,51.16345913051209,0.1324094980155723
3.649999999999995,1.689513579739926,3.003373615956172,6.675554406371562,34.291992988575544,76.2203089492309,50.581292979933856,8.860057847760157,1.1697762416735982,50.58129297993386,0.13090286947501392
3.699999999999995,1.695258534390577,2.9983416739767725,6.680574017785279,34.467754518516934,76.79724672018456,49.95043565448529,8.690352762938424,1.150616791794189,49.95043565448529,0.12927022963397009
3.7499999999999947,1.7003308567183497,2.993568493337953,6.6860477008059815,34.61912310833553,77.32079923259508,49.28121239970203,8.522843533129379,1.1313251151464039,49.281212399702035,0.1275382999182689
3.7999999999999945,1.7047999342367226,2.989059771172738,6.691934816032371,34.74892956746228,77.79622670480187,48.58384617094143,8.358244235205726,1.1119239978232398,48.583846170941435,0.1257335370298242
3.8499999999999943,1.7087356651613081,2.98482121149089,6.698193874615984,34.86005613561032,78.22894502940217,47.86827566847325,8.197246958922646,1.0924364079288789,47.86827566847325,0.1238816620269072
3.899999999999994,1.7122071449316947,2.9808584479130134,6.7047827082539,34.955374107942156,78.6243936016367,47.143995114678056,8.040513351223348,1.072885461627847,47.143995114678056,0.12200724567234
3.949999999999994,1.7152814623422667,2.977176953721357,6.711658632023341,35.0376869413434,78.98791293277235,46.41991859524599,7.888666398940603,1.0532944836194331,46.41991859524599,0.12013335735258626
3.999999999999994,1.7180226369447766,2.9737819397879295,6.718778607468382,35.109680279785216,79.32463561726313,45.70427020669962,7.742282597208676,1.0336871480138876,45.70427020669962,0.11828128078283441
4.049999999999994,1.7204907227703876,2.9706782414911226,6.726099412737746,35.17387994529439,79.63939343528516,45.0044997527578,7.601884602588232,1.0140876794865539,45.004499752757795,0.11647029583171509
4.099999999999993,1.7227410956240603,2.967870196337738,6.7335778255911105,35.23261852527179,79.93664248929406,44.32722245786619,7.467934427000928,0.9945210899132648,44.3272224578662,0.11471752250172615
4.149999999999993,1.7248239326331336,2.9653615146342767,6.741170823807946,35.288010768803055,80.22040734355933,43.67818023768063,7.340827203588549,0.9750134227893444,43.67818023768063,0.11303782069840472
4.199999999999993,1.7267838839004845,2.9631551461616574,6.748835806022016,35.34193760677973,80.49424421255685,43.062221558294794,7.220885557284039,0.9555919773423124,43.062221558294794,0.11144373810661266
4.249999999999993,1.72865992760446,2.961253146359309,6.756530834342677,35.396038254766566,80.76122238179128,42.483296845220316,7.108354643824239,0.9362854849177774,42.483296845220316,0.10994549830911457
4.299999999999993,1.7304853922911412,2.959656545978292,6.76421489838874,35.451709562571565,81.02392229339978,41.944466723011054,7.003397976349859,0.9171242131252767,41.944466723011054,0.10855102211047832
4.3499999999999925,1.7322881239444115,2.9583652284805027,6.771848198625586,35.51011155490207,81.28444813068894,41.447920972560574,6.906094226623397,0.898139977240859,41.447920972560574,0.10726597659799253
4.399999999999992,1.734090771094248,2.957377819611312,6.779392445233049,35.5721779720061,81.54445232012966,40.99500683869309,6.816435250884794,0.8793660445864351,40.99500683869309,0.10609384840086311
4.449999999999992,1.735911158955841,2.9566915935329714,6.78681116720428,35.638630569706955,81.80516915034066,40.58626604070576,6.734325629080095,0.8608369251703942,40.586266040705766,0.10503603947238686
4.499999999999992,1.737762723405069,2.9563023996631115,6.794070025042872,35.70999596982691,82.06745468279915,40.221480379915064,6.659584003628327,0.8425880519736013,40.221480379915064,0.10409198512091378
4.549999999999992,1.7396549773139145,2.9562046139161495,6.801137119337247,35.78662395342561,82.33183027983394,39.89972608994986,6.5919464498583755,0.8246553662071728,39.899726089949866,0.10325929466677591
4.599999999999992,1.7415939850477926,2.956391117406262,6.807983286688591,35.868706244346114,82.59852736971081,39.61943699285881,6.531072004906104,0.8070748366632148,39.61943699285881,0.10253391488839944
4.6499999999999915,1.7435828252991301,2.956853304862516,6.814582373984714,35.9562950198832,82.86753146439348,39.37847613980385,6.476550337015618,0.7898819565839515,39.37847613980386,0.10191031542627114
4.699999999999991,1.745622027373867,2.9575811240633065,6.820911481869942,36.04932058858722,83.13862389630326,39.174215032464566,6.427911374656775,0.7731112737251041,39.174215032464566,0.10138169380555725
4.749999999999991,1.7477099710449935,2.9585631465615223,6.826951168473484,36.14760787316026,83.41142020037702,39.00361888821186,6.38463656184981,0.7567960169988062,39.00361888821186,0.10094019609981629
4.799999999999991,1.7498432446969727,2.9597866688925483,6.832685605029316,36.250891513261394,83.68540449735119,38.863335881987084,6.346171288511305,0.7409678802489198,38.863335881987084,0.10057714788630603
4.849999999999991,1.7520169603828832,2.9612378423867516,6.838102675942408,36.35882954780352,83.95995960411528,38.749787987733704,6.311937980449793,0.7256570080906527,38.7497879877337,0.10028328934088471
4.899999999999991,1.754225027421992,2.962901828698523,6.843194017111254,36.47101574354984,84.23439289038468,38.659261002501204,6.281349328237569,0.710892195931682,38.659261002501204,0.10004900821769244
4.94999999999999,1.7564603882416794,2.964762977264053,6.847954987877872,36.58699070647063,84.50795811374648,38.587991541946536,6.253821179685511,0.6967012664121919,38.58799154194653,0.0998645649909002
4.99999999999999,1.7587152213923911,2.966805020152988,6.852384573804615,36.70625194867287,84.7798736036591,38.53224916229271,6.228784699256605,0.6831115236893961,38.5322491622927,0.09972030538387618
5.04999999999999,1.7609811171912724,2.969011279218603,6.856485219523454,36.828263093743935,85.04933724247545,38.48841218016574,6.205697487891486,0.6701501263832235,38.48841218016574,0.09960685658865022
5.09999999999999,1.7632492314600847,2.971364880101272,6.860262593109536,36.95246239485533,85.31553872376412,38.45303612861701,6.184053439521012,0.6578441792333556,38.453036128617015,0.09951530442804686
5.14999999999999,1.7655104224828804,2.9738489675128106,6.863725285727889,37.07827071995786,85.57766956957691,38.42291404414653,6.163391174417129,0.6462203477049666,38.42291404414654,0.09943734937669382
5.1999999999999895,1.7677553757467723,2.976446916324997,6.866884452615025,37.20509913209572,85.83493136965886,38.39512791322818,6.143300931599723,0.6353038737632057,38.39512791322818,0.09936543970308653
5.249999999999989,1.7699747203245304,2.9791425332935435,6.869753403702623,37.3323561633659,86.0865426730663,38.367090646161806,6.123429827066349,0.6251170302759435,38.367090646161806,0.0992928800966589
5.299999999999989,1.7721591399504666,2.981920244746999,6.872347154283349,37.45945484966668,86.33174491860174,38.336577942948885,6.103485399943974,0.6156772867876039,38.336577942948885,0.0992139141357137
5.349999999999989,1.774299480945653,2.9847652662292985,6.874681947970653,37.5858195603009,86.56980773476761,38.301749426704184,6.083237383781522,0.6069957255469859,38.30174942670418,0.09912377898005847
5.399999999999989,1.7763868581745814,2.9876637508673736,6.876774765730653,37.7108926216245,86.80003387204387,38.26115849211741,6.062517662471935,0.5990764539791466,38.26115849211741,0.09901873085852884
5.449999999999989,1.778412759181513,2.9906029141011357,6.878642835885635,37.834140697531396,87.02176395062607,38.21375048091575,6.041218404329558,0.5919177855992799,38.21375048091575,0.09889604034714033
5.4999999999999885,1.7803691455974935,2.9935711333187305,6.880303160635849,37.955060852675906,87.23438111767354,38.158849067088994,6.019288415386663,0.5855156814871915,38.158849067088994,0.09875395713445916
5.549999999999988,1.7822485498845635,2.9965580218425556,6.881772074765147,38.07318618889658,87.43731561419072,38.09613110918194,5.996727813112576,0.5798692842882007,38.09613110918194,0.09859164494008912
5.599999999999988,1.7840441645626535,2.999554477570941,6.88306485174864,38.18809091396908,87.63004915922738,38.02559068679505,5.973581191257364,0.5749873794576396,38.025590686795056,0.09840908844221377
5.649999999999988,1.785749920325067,3.0025527073602727,6.884195371452209,38.299394677661574,87.81211897564962,37.9474935501567,5.949929520061867,0.5708935097716564,37.9474935501567,0.09820697539445525
5.699999999999988,1.7873605489659747,3.0055462289024035,6.885175862012453,38.40676599618543,87.98312121503004,37.86232372920432,5.925881096736673,0.5676267031130687,37.86232372920432,0.0979865584517772
5.749999999999988,1.7888716268821385,3.008529852388919,6.886016726344776,38.50992458522659,88.14271349628804,37.77072451868238,5.901561921230409,0.5652349892731586,37.77072451868238,0.09774950244168812
5.799999999999987,1.7902795951170407,3.0114996446415283,6.886726461105744,38.60864243578986,88.29061625925374,37.673436425896135,5.877105914702716,0.5637606577360261,37.673436425896135,0.09749772377488888
5.849999999999987,1.7915817525102913,3.0144528786182407,6.88731167291566,38.70274349705712,88.42661265394418,37.571234895318504,5.852645417348606,0.5632195459809145,37.57123489531851,0.09723322927842243
5.899999999999987,1.7927762194930954,3.017387971278743,6.887777193332956,38.792101876171444,88.55054674023535,37.464870683061136,5.828302395443146,0.5635803844105374,37.464870683061136,0.09695796188659314
5.949999999999987,1.7938618713966494,3.020304412716855,6.888126290582553,38.87663852483631,88.66231985918164,37.35501563744748,5.804180754712758,0.5647521111510286,37.35501563744749,0.09667366032271574
5.999999999999987,1.7948382417520445,3.023202689258227,6.8883609725091155,38.956316454193704,88.76188515220717,37.24221636100223,5.780360100981679,0.5665851407327152,37.24221636100223,0.09638173917773342
6.0499999999999865,1.7957053978673583,3.0260842028979376,6.888482371789751,39.03113459872721,88.84924034063754,37.12685781019784,5.756891214038204,0.5688871400000728,37.12685781019784,0.09608319470745338
6.099999999999986,1.7964637928579696,3.0289511890415968,6.888491201236229,39.10112053210458,88.92441902608047,37.00913836863325,5.733793412648425,0.5714479753249155,37.009138368633245,0.09577854032268084
6.149999999999986,1.7971141001497626,3.0318066340436243,6.8883882641734315,39.16632231733614,88.98748092049006,36.889057348796435,5.711053894084558,0.5740656567949568,36.889057348796435,0.0954677742441553
6.199999999999986,1.797657038132066,3.0346541935393105,6.888175002514633,39.22679984441318,89.03850155058255,36.76641527974998,5.688629036915523,0.5765664354290405,36.76641527974998,0.09515038024707217
6.249999999999986,1.7980931939678082,3.0374981120744677,6.887854063362598,39.28261606474557,89.0775620914813,36.640826761772075,5.666447567050608,0.5788159764840898,36.64082676177208,0.09482536092850824
6.299999999999986,1.798422856442674,3.0403431440791238,6.887429863823721,39.33382856777714,89.104740056664,36.511745145044095,5.644415408930655,0.5807221464683383,36.511745145044095,0.09449130157512493
6.349999999999985,1.798645868046286,3.0431944758374034,6.886909133279647,39.38048195666336,89.12010159510749,36.37849783826238,5.622421979623888,0.5822319294987301,36.37849783826238,0.09414646154079717
6.399999999999985,1.7987615061535747,3.046057647799114,6.886301412639481,39.422601463867586,89.1236961147816,36.24033068365631,5.600347635043681,0.5833253120776967,36.24033068365631,0.09378888908782909
6.449999999999985,1.7987684021861807,3.048938476378243,6.885619491091189,39.46018820293368,89.11555386155302,36.09645954688176,5.578071944691659,0.5840083524268419,36.09645954688176,0.09341655490005155
6.499999999999985,1.7986645060054824,3.051842974302215,6.884879762551033,39.49321638065693,89.0956869363187,35.94612705702926,5.555482453239718,0.5843067722837796,35.94612705702926,0.0930274989242618
6.549999999999985,1.7984471005993563,3.054777268619096,6.884102486319772,39.521632697873486,89.06409403846214,35.78866228507251,5.532483582268984,0.5842606541062932,35.78866228507251,0.09261998481625859
6.5999999999999845,1.7981128695022817,3.057747515636108,6.883311939314432,39.54535805268662,89.02076899305244,35.623541061855526,5.509005331797687,0.5839203040809783,35.62354106185552,0.0921926560419842
6.649999999999984,1.797658016503497,3.060759812342891,6.882536450558759,39.56429153451835,88.96571286932146,35.450444606719394,5.4850114572261575,0.5833430225779842,35.450444606719394,0.09174468760665257
6.699999999999984,1.7970784342470805,3.063820104250242,6.881808312270431,39.57831656938693,88.89894924804346,35.269314166960235,5.4605068216282895,0.5825903568973562,35.269314166960235,0.0912759274600278
6.749999999999984,1.7963699155158552,3.066934090027411,6.881163565754941,39.58730895511597,88.82054196534547,35.08039946101267,5.4355436546971925,0.5817253664672982,35.08039946101267,0.09078702186593048
6.799999999999984,1.7955283985115287,3.070107123820286,6.880641664272389,39.59114641815996,88.73061446863248,34.8842988789985,5.410226486837198,0.5808095170987452,34.88429887899851,0.0902795194400522
6.849999999999984,1.7945502354606995,3.073344116647075,6.880285018948697,39.58971923852087,88.62936978184786,34.68198962447759,5.384715568393884,0.579899055282706,34.681989624477595,0.08975594915590301
6.8999999999999835,1.7934324725100994,3.076649438763869,6.880138437521647,39.58294143106152,88.51711000244254,34.47484627728996,5.359228628080779,0.5790410795091481,34.47484627728996,0.08921986838488997
6.949999999999983,1.7921731281933346,3.0800268253348464,6.8802484691145995,39.57076194338434,88.39425424584407,34.26464661045434,5.3340408694587795,0.5782699258405338,34.26464661045435,0.08867587795027633
6.999999999999983,1.7907714577673524,3.0834792880987982,6.880662671195554,39.55317533284126,88.26135401341915,34.053563891365656,5.309483148261426,0.5776047471200407,34.053563891365656,0.08812960220291138
7.049999999999983,1.7892281913926151,3.087009035965646,6.881428817300076,39.53023141645669,88.11910508018775,33.844145325318905,5.28593831556976,0.5770491147111708,33.844145325318905,0.08758763323371686
7.099999999999983,1.7875457353850754,3.0906174075800616,6.882594065884175,39.50204344386658,87.96835516756279,33.639276746271605,5.2638357526070125,0.5765930496283943,33.639276746271605,0.08705743949443857
7.149999999999983,1.7857283274894424,3.0943048188377267,6.88420411176287,39.46879441971292,87.81010687000463,33.44213411939665,5.243644163916131,0.576217236975381,33.44213411939665,0.08654724028770792
7.199999999999982,1.7837821391831588,3.09807072812421,6.886302341941363,39.43074129234648,87.64551552713392,33.25612289151957,5.225862739796695,0.5758985651825219,33.25612289151956,0.08606584880779179
7.249999999999982,1.7817153202855276,3.1019136216676118,6.888929017249551,39.3882168240173,87.47588195921907,33.08480671090721,5.211010849530304,0.5756158155318991,33.08480671090721,0.08562248766954345
7.299999999999982,1.7795379834895875,3.1058310208635267,6.8921205000677315,39.341629058096395,87.30264020029601,32.931827535895216,5.199616486834927,0.5753543924122693,32.93182753589521,0.0852265821519258
7.349999999999982,1.7772621287431591,3.1098195127631407,6.8959085466347885,39.291458396103344,87.12734055832365,32.80081965020783,5.192203758614217,0.5751093329409325,32.80081965020782,0.08488753767223768
7.399999999999982,1.7749015095871359,3.1138748041389204,6.900319680042865,39.238252387209634,86.9516284977372,32.69532057118435,5.189279784185407,0.5748862807618524,32.695320571184354,0.0846145092192754
7.4499999999999815,1.7724714455420267,3.11799179869136,6.905374657154598,39.182618412335685,86.77721997186205,32.61868222438574,5.191321447151431,0.5747005001853992,32.61868222438574,0.08441617147587807
7.499999999999981,1.7699885863675202,3.1221646960728613,6.911088039462222,39.12521451192976,86.60587392936216,32.57398599728289,5.198762504424269,0.5745742787082255,32.57398599728289,0.08430049898042026
7.549999999999981,1.7674706354716958,3.12638711052327,6.917467874490112,39.066738659939126,86.43936278127717,32.56396530569647,5.211981593111823,0.5745332282260492,32.56396530569647,0.0842745657310803
7.599999999999981,1.7649360408975159,3.130652206078218,6.924515490877836,39.007916826028435,86.27944164614735,32.59093905390735,5.231291673550464,0.5746020833624199,32.59093905390735,0.08434437298260118
7.649999999999981,1.7624036631547233,3.134952844567972,6.932225406923886,38.94949019397761,86.12781719421172,32.65675882016493,5.256931397447452,0.5748006321882074,32.65675882016493,0.08451471256396992
7.699999999999981,1.7598924296913214,3.1392817420081967,6.94058534926451,38.89220191691682,85.98611689198464,32.76277177597767,5.289058792486168,0.5751403936054076,32.76277177597767,0.08478907091465346
7.7499999999999805,1.7574209860075372,3.1436316285276718,6.94957637563265,38.836783790226846,85.85585940949497,32.90980031935303,5.327747515410002,0.5756225559839212,32.90980031935303,0.08516957637603424
7.79999999999998,1.7550073533070065,3.1479954067060545,6.959173093389343,38.78394321124072,85.7384268973964,33.09813827623931,5.372985758391121,0.5762374979179626,33.09813827623931,0.08565698936085564
7.84999999999998,1.7526686021558524,3.1523663031242517,6.969343963812958,38.73435077196583,85.63503977227151,33.327562427348305,5.424677717189511,0.5769659402184439,33.32756242734831,0.08625073218429337
7.89999999999998,1.7504205508888067,3.156738008067794,6.98005168100554,38.68862879772204,85.54673456750787,33.597357172715256,5.482647364539525,0.5777814837474095,33.597357172715256,0.08694895289509698
7.94999999999998,1.7482774964797518,3.1611047986676684,6.991253613729721,38.64734110189296,85.47434531545254,33.90634945253105,5.546644136636297,0.5786540463201947,33.90634945253105,0.08774861564965644
7.99999999999998,1.7462519843143165,3.1654616413015897,7.002902298490659,38.61098417639714,85.41848882575565,34.252950658979884,5.616350047802086,0.5795535919859242,34.25295065897988,0.08864560917858133
8.04999999999998,1.7443546218146821,3.1698042697907396,7.014945972661068,38.579979981053754,85.37955411717084,34.63520221328642,5.691387704952475,0.5804535701317592,34.63520221328642,0.08963486473873201
8.09999999999998,1.7425939392384642,3.174129236784239,7.027329137324637,38.55467043531337,85.35769614866605,35.050821715695,5.771328698958189,0.5813336260286175,35.050821715695,0.09071047554798206
8.14999999999998,1.7409762992876512,3.178433936690448,7.039993140678377,38.53531365593643,85.35283388465261,35.49724704291287,5.855701898141832,0.5821813463837968,35.49724704291287,0.09186581090807898
8.199999999999982,1.739505855509269,3.1827165995502416,7.052876774170476,38.52208192732534,85.36465262295694,35.971676389628186,5.944001249720006,0.5829929996318658,35.971676389628186,0.0930936198308922
8.249999999999982,1.7381845579347739,3.186976256309253,7.065916874939587,38.51506134040242,85.39261041738833,36.47110294751588,6.035692796013555,0.583773376279747,36.47110294751588,0.09438612078664008
8.299999999999983,1.7370122030653579,3.191212676988226,7.079048929451617,38.514252993612594,85.43594834311567,36.99234361492337,6.130220721924739,0.5845349134037401,36.992343614923364,0.09573507600369591
8.349999999999984,1.7359865242184551,3.1954262842289243,7.092207674401173,38.519575617308774,85.4937042848027,37.532061777137145,6.227012358364448,0.58529630749556,37.532061777137145,0.09713185042323462
8.399999999999984,1.7351033174332313,3.199618045565651,7.1053276918768695,38.530869460842815,85.56472987506841,38.0867847526342,6.325482165199885,0.5860808003999193,38.0867847526342,0.0985674568496083
8.449999999999985,1.7343565975876396,3.203789348502014,7.118343996423832,38.54790126938403,85.64771017294176,38.65291694324352,6.425034801552267,0.5869142877730567,38.65291694324352,0.10003258998256981
8.499999999999986,1.7337387790813001,3.207941863028242,7.131192611941898,38.570370173184884,85.74118564581313,39.22675004672993,6.5250674577624475,0.5878233671268698,39.22675004672994,0.10151765284713368
8.549999999999986,1.73324087534499,3.21207739657295,7.14381113632759,38.59791431349594,85.8435760003668,39.804471888563825,6.624971670610407,0.5888334277969776,39.804471888563825,0.10301277964993107
8.599999999999987,1.732852711500207,3.21619774653086,7.156139291423096,38.63011803425145,85.95320539460064,40.38217551020383,6.72413487117878,0.5899668963243987,40.38217551020383,0.10450785929941303
8.649999999999988,1.7325631446643157,3.2203045554401464,7.168119455219527,38.66651947489504,86.06832855153266,40.95587012147813,6.821941923676027,0.5912417865306628,40.955870121478135,0.10599256375028483
8.699999999999989,1.7323602866400205,3.224399173606095,7.1796971724394325,38.70661840572315,86.18715728408512,41.521495393783255,6.9177769047790685,0.5926707514550982,41.521495393783255,0.10745638499387583
8.74999999999999,1.73223172401645,3.2284825334972034,7.190821638674245,38.749884152006,86.30788692994064,42.07494035003478,7.011025348368271,0.5942608675497183,42.07494035003479,0.10888868394476542
8.79999999999999,1.7321647310298212,3.232555039601464,7.201446152266571,38.79576345673159,86.42872218632624,42.61206781050422,7.101077142214814,0.5960143643984661,42.61206781050422,0.11027875370587592
8.84999999999999,1.7321464708838703,3.236616476657502,7.211528527200587,38.843688134614546,86.54790183041456,43.12874499816552,7.187330214106486,0.597930409363562,43.12874499816552,0.11161589877419152
8.899999999999991,1.7321641816213897,3.2406659383073437,7.221031459490113,38.89308237299638,86.66372181473267,43.62088051349288,7.269195088389199,0.6000078513415169,43.62088051349287,0.11288953073042622
8.949999999999992,1.73220534308358,3.2447017772993125,7.229922839022085,38.943369539859724,86.77455624259551,44.08446747974934,7.346100333533268,0.6022485446436223,44.08446747974934,0.11408927989773723
8.999999999999993,1.7322578220125149,3.248721577446639,7.23817599860088,38.9939783670218,86.87887576009892,44.51563225903653,7.41749886058918,0.6046605819415726,44.515632259036536,0.11520512141740033
9.049999999999994,1.7323099929634727,3.252722146666111,7.245769892106926,39.04434838935732,86.97526295214138,44.91068776795988,7.482874974277653,0.6072605697156002,44.91068776795988,0.11622751322815325
9.099999999999994,1.732350833419037,3.2566995296234666,7.252689194275963,39.09393454033444,87.06242440339507,45.26619009683773,7.54175202519571,0.6100740859460391,45.26619009683774,0.11714754259501071
9.149999999999995,1.7323699923498859,3.2606490378362305,7.258924315643837,39.14221083157623,87.13919918285207,45.57899686928994,7.59370046453792,0.6131337314130897,45.57899686928994,0.11795707714212984
9.199999999999996,1.7323578324554392,3.264565294559986,7.264471327684578,39.18867308049163,87.20456363290695,45.84632557592678,7.638346062437835,0.6164747060096828,45.84632557592678,0.11864891581864785
9.249999999999996,1.732305447434567,3.2684422914317337,7.269331795071619,39.23284069537413,87.25763248918591,46.065809979239155,7.675378017832694,0.6201284919879146,46.065809979239155,0.11921693487284639
9.299999999999997,1.7322046568582041,3.2722734536753726,7.2735125142650245,39.2742575808599,87.29765652134026,46.23555261816267,7.704556662181569,0.6241158108378472,46.235552618162664,0.11965622373238907
9.349999999999998,1.7320479824952275,3.276051710689702,7.277025160199869,39.31249228612868,87.32401706079727,46.35417144281047,7.7257204426291715,0.6284403292512406,46.35417144281047,0.11996320569361157
9.399999999999999,1.7318286112099328,3.279769569029491,7.27988584563263,39.34713758027104,87.33621795921944,46.420838687045915,7.7387918642874425,0.6330844851619907,46.420838687045915,0.12013573852257413
9.45,1.7315403507089502,3.2834191851353065,7.282114600585612,39.377809699025306,87.33387568865567,46.435310243765876,7.7437820786596365,0.6380083019939564,46.43531024376587,0.1201731904774137
9.5,1.7311775853534126,3.286992435640896,7.283734782193852,39.40414755872571,87.31670843660719,46.39794404749376,7.740793828167946,0.643151329847442,46.39794404749375,0.12007648788194376
9.55,1.730735239843188,3.290480983653435,7.28477242797669,39.42581227022556,87.28452515104216,46.30970628837972,7.73002249673714,0.6484371516531757,46.30970628837972,0.11984813120730015
9.600000000000001,1.7302087586998196,3.293876340023319,7.285255567996074,39.44248730114905,87.23721553683959,46.17216467149173,7.7117550735527045,0.6537794408548939,46.17216467149173,0.11949217762718875
9.650000000000002,1.7295941090161568,3.2971699192555675,7.28521351339922,39.45387962321468,87.17474198356311,45.98746837981483,7.686366910057877,0.6590884493901573,45.98746837981483,0.11901418916272832
9.700000000000003,1.7288878128294913,3.3003530903232265,7.284676140356943,39.45972213828211,87.0971343062285,45.758314879451575,7.654316236244837,0.664276992014071,45.75831487945158,0.11842114677530471
9.750000000000004,1.7280870136863704,3.3034172231860413,7.283673189299888,39.45977760033865,87.00448800291808,45.48790420113131,7.616136497604804,0.6692653390037365,45.48790420113131,0.11772133204848764
9.800000000000004,1.7271895795375836,3.306353732261558,7.282233599545112,39.453844142073,86.89696647977757,45.179881824746914,7.572426674392964,0.6739847902177437,45.179881824746914,0.11692417937492457
9.850000000000005,1.726194241133411,3.309154118412757,7.280384898843883,39.44176237854464,86.77480737653823,44.83827176649753,7.523839845418727,0.6783799793353685,44.83827176649752,0.11604010278787266
9.900000000000006,1.7251007617497296,3.3118100111874034,7.278152666050853,39.423423904703064,86.63833276293312,44.46740190515638,7.471070354364744,0.6824101126418197,44.46740190515638,0.11508030270781903
9.950000000000006,1.723910130585759,3.3143132130586053,7.27556008303126,39.39878083891659,86.4879625927647,44.07182396664285,7.41484002225557,0.6860493935671298,44.07182396664285,0.11405655886495258
10.000000000000007,1.722624768792646,3.316655747273036,7.272627589141016,39.367855904090554,86.32423042663385,43.65623089134507,7.355883919246588,0.6892868585251969,43.65623089134507,0.11298101644827283
10.050000000000008,1.7212487340921538,3.318829910620937,7.2693726482232375,39.33075239514183,86.14780009674924,43.22537450718967,7.294936256036274,0.692125787174025,43.22537450718967,0.11186597304596313
10.100000000000009,1.71978790759345,3.3208283320186047,7.265809634187129,39.28766327007711,85.95948171729428,42.78398648918806,7.232716973432665,0.6945827829284803,42.78398648918806,0.11072367409106644
10.15000000000001,1.7182501449517629,3.3226440372645096,7.261949837020776,39.23887853373699,85.7602452676651,42.33670546891464,7.169919592007057,0.6966865639372475,42.33670546891464,0.10956612422300101
10.20000000000001,1.7166453736305212,3.3242705197272224,7.257801586710282,39.184790068101755,85.55122991450007,41.88801283874188,7.107200828065104,0.6984764730694728,41.888012838741886,0.10840492115084534
10.25000000000001,1.7149856188673636,3.325701816083462,7.253370488179153,39.1258931074271,85.33374730608793,41.44217926647437,7.045172385997629,0.7000007093304895,41.44217926647436,0.10725111723481522
10.300000000000011,1.7132849430793518,3.3269325855878984,7.248659756211533,39.062783663285785,85.10927727608926,41.00322321262335,6.98439520317258,0.7013143030212213,41.00322321262335,0.10611511213021416
10.350000000000012,1.711559286881841,3.327958190762934,7.243670635565279,38.996151372911044,84.8794547311476,40.57488187161249,6.925376259446561,0.7024768953314475,40.57488187161249,0.10500657758414508
10.400000000000013,1.709826204572662,3.3287747768854388,7.238402888284213,38.92676746912253,84.64604695896541,40.160594015332414,6.8685678814207645,0.7035504276041401,40.16059401533241,0.10393441303514418
10.450000000000014,1.708104492703301,3.3293793472529605,7.232855327728469,38.855467842619845,84.41092116125346,39.76349329952537,6.814369287859021,0.7045968808252243,39.763493299525365,0.1029067282903049
10.500000000000014,1.7064137169871738,3.3297698309642105,7.227026377173243,38.78313147453522,84.17600266222618,39.38640980493534,6.763129955330064,0.7056762144363371,39.38640980493535,0.10193084751372843
10.550000000000015,1.7047736499515036,3.3299451398687636,7.220914630059025,38.710654841891404,83.94322493192644,39.03187702174077,6.71515424987579,0.7068446251614032,39.03187702174077,0.10101332730202599
10.600000000000016,1.7032036389907699,3.329905211443476,7.214519389149912,38.638923220313174,83.71447325012123,38.70214121847751,6.670706686240056,0.7081531814393056,38.70214121847751,0.10015998093081058
10.650000000000016,1.7017219313010807,3.3296510346412305,7.207841162970346,38.56878010334513,83.49152446973977,38.39917020023892,6.630017150866594,0.7096468032296316,38.39917020023892,0.09937590102065623
10.700000000000017,1.7003449879714665,3.329184656226384,7.200882099902369,38.50099620068346,83.27598586380674,38.12465884861844,6.593285462075022,0.711363473831586,38.124658848618445,0.0986654738743031
10.750000000000018,1.6990868236649475,3.328509165744744,7.193646343153777,38.43623964356902,83.06923640232102,37.880029501499855,6.560684737302048,0.7133335181654291,37.880029501499855,0.0980323804595435
10.800000000000018,1.6979584102745988,3.3276286580499415,7.18614029333673,38.37504909275785,82.87237395829146,37.66642609704168,6.532363183373244,0.7155787778992941,37.66642609704168,0.0974795812540289
10.85000000000002,1.6969671822566448,3.3265481731896127,7.178372769478533,38.31781139740894,82.68617185165776,37.48470197641506,6.50844410652496,0.7181115630950936,37.48470197641506,0.09700928467912158
10.90000000000002,1.6961166778121093,3.325273614404544,7.170355063750295,38.26474528578062,82.5110477930232,37.33540221101801,6.489024135833681,0.7209333504378308,37.33540221101801,0.09662290136325472
10.95000000000002,1.6954063437793867,3.3238116459670084,7.162100889855052,38.215892285990414,82.34704769754379,37.21874219390398,6.474169846752051,0.7240333068307243,37.21874219390397,0.09632098873719175
11.000000000000021,1.6948315233853704,3.322169573533542,7.153626229664597,38.17111569430244,82.19384604016118,37.13458492743004,6.463913141009899,0.7273868173612309,37.13458492743004,0.09610319225514097
11.050000000000022,1.6943836355302353,3.320355210563589,7.14494908713128,38.13010795684574,82.05076347606774,37.08241988405982,6.458245868157271,0.7309542641557563,37.08241988405982,0.09596819068714703
11.100000000000023,1.694050542895356,3.31837673511211,7.13608916253029,38.09240634289714,81.91680142943886,37.061346471580514,6.457114249814467,0.7346803223580268,37.061346471580514,0.09591365332756892
11.150000000000023,1.693817094794262,3.316242541898471,7.127067463527267,38.05741630127721,81.79069233924844,37.070064979096834,6.46041368344261,0.7384940111189758,37.070064979096834,0.09593621656358342
11.200000000000024,1.6936658202245305,3.313961094948767,7.117905872255023,38.024441441705186,81.67096331929474,37.106877423933625,6.467984458179286,0.7423096724854852,37.106877423933625,0.09603148606694385
11.250000000000025,1.6935777377730625,3.3115407862765065,7.108626689392362,37.992718700400616,81.55601020391398,37.169699998152865,6.479608818110039,0.7460289745332027,37.169699998152865,0.09619406900519278
11.300000000000026,1.693533242415456,3.308989805988237,7.099252177074333,37.96145695620869,81.44417835726514,37.2560878916999,6.4950096718811,0.7495439719263615,37.256087891699906,0.09641763828322004
11.350000000000026,1.6935130251331785,3.306316028870804,7.089804122278554,37.92987717386601,81.33384624960861,37.36327223925359,6.513851090497289,0.7527412271573201,37.36327223925359,0.09669502816060317
11.400000000000027,1.6934989797281002,3.303526921939836,7.080303441122438,37.897252070312994,81.22350765797944,37.488207913257845,6.535740579129672,0.7555070016107402,37.488207913257845,0.09701835793853986
11.450000000000028,1.6934750521425668,3.3006294766240685,7.070769842319643,37.86294332709108,81.11184842610126,37.62762999138672,6.560232975665837,0.7577335481961645,37.62762999138671,0.09737917809595416
11.500000000000028,1.6934279907686065,3.297630168256312,7.061221564974203,37.826434500506885,80.99781400359348,37.77811608350837,6.586835737594925,0.759326532914072,37.77811608350837,0.09776863158981049
11.55000000000003,1.693347961355091,3.294534944381034,7.051675202078592,37.78735800146607,80.88066445477232,37.93615140627664,6.615015342351221,0.7602135200384641,37.93615140627664,0.09817762226620506
11.60000000000003,1.6932289968695955,3.2913492421200936,7.042145616706197,37.745514816167315,80.76001425536133,38.0981935874771,6.644204547268641,0.7603532017509129,38.0981935874771,0.09859698257207042
11.65000000000003,1.6930692607113194,3.288078033519028,7.032645953159252,37.70088600281612,80.63585495094324,38.26073463746504,6.67381032362753,0.7597445868019299,38.26073463746504,0.09901763393539845
11.700000000000031,1.6928711106770182,3.2847258964877706,7.0231877404814025,37.6536354121807,80.50855960131967,38.420358224623335,6.703222370498239,0.7584347049976268,38.420358224623335,0.09943073499240793
11.750000000000032,1.6926409607275383,3.281297107712801,7.0137810810079,37.60410352355237,80.378868844826,38.57379114416687,6.731822192522006,0.7565227062240688,38.57379114416687,0.09982781478726697
11.800000000000033,1.6923889475460414,3.277795752813473,7.004434912242566,37.55279274315029,80.24785934772049,38.71794845727592,6.758992753424899,0.7541579157720194,38.71794845727592,0.10020088959081673
11.850000000000033,1.6921284187426198,3.2742258480977373,6.9951573265373215,37.50034495807793,80.11689631415595,38.84997203924615,6.784128668201663,0.7515299711552331,38.84997203924614,0.10054256266202763
11.900000000000034,1.6918752689118146,3.2705914675894796,6.985955929999816,37.4475125527679,79.98757257645606,38.96726219367422,6.806646773473501,0.7488509580506297,38.967262193674216,0.1008461060645637
11.950000000000035,1.6916471580982786,3.2668968685882733,6.976838219921087,37.395124452523575,79.86163751530208,39.06750173399932,6.8259967547591005,0.7463321768380035,39.067501733999315,0.10110552298908988
12.000000000000036,1.691462654032768,3.2631466089076797,6.967811958908182,37.34404903642057,79.74091962638708,39.14867181103786,6.841671375208353,0.7441605895175485,39.14867181103786,0.10131558871445731
12.050000000000036,1.691340344216121,3.2593456491328396,6.958885523884991,37.29515593751129,79.62724690878682,39.20905907444133,6.853215807167941,0.7424805282157126,39.20905907444133,0.1014718691413415
12.100000000000037,1.6912979660552883,3.2554994337400047,6.950068209195105,37.24927880447391,79.52236936407792,39.24725460772587,6.860235647620394,0.7413841776492559,39.24725460772587,0.10157071803613069
12.150000000000038,1.6913516024256947,3.251613945714603,6.941370465157665,37.207181025282054,79.42788774203888,39.2621462850002,6.862403379188851,0.7409107328556083,39.2621462850002,0.10160925725036704
12.200000000000038,1.69151498609562,3.2476957303616087,6.9328040564952795,37.16952620974616,79.34519224688695,39.25290733142357,6.859463250899202,0.7410511917297369,39.25290733142358,0.10158534711555481
12.250000000000039,1.691798949528287,3.243751885281502,6.924382128932438,37.136854905072404,79.27541424985534,39.21898445199003,6.851234714418019,0.7417550787488887,39.21898445199003,0.10149755572081
12.30000000000004,1.6922110471101033,3.239790014935317,6.9161191767744175,37.10956859974299,79.21939318639217,39.16008864215564,6.837614607447441,0.7429368349281681,39.16008864215564,0.10134513513103907
12.35000000000004,1.692755365555354,3.235818149783322,6.90803090921201,37.08792158874644,79.17765981708455,39.0761907596272,6.818578225357534,0.7444816528684007,39.0761907596272,0.10112800992686119
12.400000000000041,1.6934325260290082,3.2318446315872436,6.900134018226218,37.072020766397706,79.1504359815028,38.96752246553035,6.794179312751658,0.7462517561141742,38.96752246553035,0.10084677964032274
12.450000000000042,1.6942398694167202,3.2278779680460654,6.892445856048108,37.06183292201348,79.13764995753819,38.83458170332017,6.764548906267201,0.7480940886788112,38.83458170332017,0.10050273293415388
12.500000000000043,1.6951718051167586,3.2239266614194917,6.884984034919514,37.05719867536985,79.13896563218495,38.67814086593419,6.729892922786048,0.7498495831253343,38.67814086593419,0.10009786873811556
12.550000000000043,1.6962202945318465,3.219999017113537,6.877765966167591,37.05785183235296,79.1538229537452,38.49925539448394,6.690488433634071,0.7513633741317999,38.49925539448394,0.09963491850215546
12.600000000000044,1.6973754336576432,3.2161029392962868,6.870808359137106,37.06344268563509,79.18148660956159,38.29927072651778,6.646678680186261,0.7524949972187789,38.29927072651778,0.09911736417830368
12.650000000000045,1.6986260950814362,3.2122457214246576,6.864126703135813,37.073563638928654,79.22109957438504,38.07982608693429,6.598867031595918,0.7531277904543989,38.0798260869343,0.09854944803144311
12.700000000000045,1.6999605883411772,3.208433840051739,6.857734757097009,37.087775495014384,79.27173809869473,37.84285434692496,6.547510217060323,0.7531771369536941,37.84285434692496,0.09793617227425726
12.750000000000046,1.701367298759054,3.204672760419559,6.851644072052144,37.105632808272134,79.33246483402463,37.590577838600055,6.493111246491761,0.7525975265098361,37.59057783860005,0.09728328823560746
12.800000000000047,1.7028352682137327,3.200966762109579,6.845863570692803,37.126706847687764,79.40237709337259,37.325500441105554,6.436212443039577,0.7513884598204054,37.32550044110556,0.09659727587964091
12.850000000000048,1.704354686427102,3.1973187924256252,6.840399206298423,37.15060492940328,79.48064768349428,37.050396367620905,6.377388944170563,0.7495989155065983,37.050396367620905,0.095885314786877
12.900000000000048,1.7059172677650016,3.1937303542408313,6.835253720186108,37.176985141244415,79.56655628568211,36.76829588653597,6.31724289639951,0.7473295434755733,36.76829588653597,0.09515524720104147
12.950000000000049,1.7075164958516809,3.190201433787632,6.830426512729134,37.205565778351435,79.65950996762561,36.48246778336217,6.25639839608697,0.7447311627375972,36.48246778336217,0.09441553264101836
13.00000000000005,1.7091477260778631,3.18673047235941,6.825913638069715,37.23612912352746,79.75905204967859,36.19639784425309,6.195497046283665,0.7419978546527598,36.19639784425309,0.0936751922168466
13.05000000000005,1.7108081439907787,3.183314384188435,6.821707927139709,37.268519524290085,79.8648591965654,35.91376217218592,6.135193840395498,0.7393533168028114,35.91376217218592,0.09294373957279757
13.100000000000051,1.7124965852818763,3.1799486209416274,6.817799237753129,37.30263602847552,79.97672723586788,35.63839387759192,6.076152976272893,0.7370304095465193,35.63839387759192,0.09223109468372573
13.150000000000052,1.714213230355831,3.176627281413639,6.814174824616347,37.33842013038919,80.09454679562579,35.374241720301875,6.019043168705178,0.735245841607465,35.374241720301875,0.09154747682166353
13.200000000000053,1.7159591930130362,3.1733432631791354,6.810819816393235,37.375839439501796,80.21827038461194,35.12531965943575,5.9645320709762695,0.7341740292937139,35.12531965943575,0.09090327399244891
13.250000000000053,1.7177360283554455,3.170088451272988,6.80771778172843,37.41486830358044,80.3478729904303,34.89564695982413,5.913279529916279,0.7339253165264892,34.89564695982412,0.09030888793293947
13.300000000000054,1.7195451893854263,3.1668539374741163,6.8048513616183115,37.45546658829338,80.48330862290696,34.689179409797504,5.8659295642574305,0.7345331832430035,34.689179409797504,0.08977455610471428
13.350000000000055,1.7213874646731655,3.163630262540418,6.802202941936465,37.497557926628524,80.62446546428144,34.50973318801348,5.823101145915668,0.735952847472701,34.50973318801348,0.08931015466370532
13.400000000000055,1.7232624307111555,3.160407672831825,6.79975533743622,37.541008795909526,80.77112238624461,34.36090383703215,5.785378050033933,0.7380707238496444,34.36090383703215,0.08892498876624025
13.450000000000056,1.7251679520020116,3.157176382203906,6.79749245728651,37.585609751909445,80.92290954386662,34.24598355385944,5.753298199776876,0.7407217853233248,34.24598355385944,0.08862757851944886
13.500000000000057,1.7270997594757291,3.1539268298768857,6.795399922213198,37.631060046040936,81.07927555175678,34.167880538168724,5.727343052123034,0.7437107808429746,34.167880538168724,0.08842545025687909
13.550000000000058,1.729051133567518,3.1506499251904656,6.793465604628431,37.67695667511891,81.23946339231026,34.12904442972742,5.707927644291531,0.7468335112322213,34.12904442972742,0.08832494357279283
13.600000000000058,1.7310127124209398,3.1473372707310223,6.7916800656929714,37.72278867179918,81.40249671593033,34.131401904506724,5.695391942041717,0.7498954383222958,34.13140190450673,0.0883310446468292
13.650000000000059,1.732972438580922,3.1439813562391103,6.790036866980028,37.767937151668754,81.56717759814602,34.176306248365705,5.6899940941165426,0.7527261864547027,34.1763062483657,0.08844725574221113
13.70000000000006,1.7349156497091358,3.1405757169306034,6.788532739157318,37.8116813097343,81.73209615993031,34.26450413013645,5.6919060933728725,0.7551895847384112,34.264504130136444,0.08867550921548611
13.75000000000006,1.7368253108744514,3.1371150513428807,6.787167595700923,37.85321022799019,81.89565178449342,34.39612180305921,5.701212170185294,0.7571896540191267,34.39612180305921,0.08901613180625396
13.800000000000061,1.7386823784411949,3.133595295486842,6.785944385891287,37.89164004110287,82.05608502778504,34.57067158052029,5.717910003844003,0.7586734014231209,34.57067158052029,0.08946786139618247
13.850000000000062,1.7404662790299907,3.1300136518783233,6.784868787982267,37.926035731203136,82.21151876769629,34.78707775676846,5.741914554916435,0.7596315364998,34.787077756768454,0.09002791409104417
13.900000000000063,1.7421554818601992,3.1263685738668334,6.783948750223904,37.955436602696444,82.3600067047094,35.04371937324286,5.773064033315923,0.7600982897711851,35.04371937324286,0.09069209489869046
13.950000000000063,1.7437281392257704,3.1226597075019566,6.783193894091284,37.97888433460492,82.49958703600744,35.338485634421176,5.81112726969691,0.7601512698461951,35.338485634421176,0.09145494114360497
14.000000000000064,1.745162767952066,3.118887794906077,6.78261480035586,37.9954524247636,82.62833898138976,35.66883863428245,5.855811597202217,0.7599114471407021,35.66883863428245,0.09230988480110844
14.050000000000065,1.7464389443168569,3.11505454468758,6.78222220426666,38.00427582425939,82.74443983394764,36.03187758984096,5.906770309682541,0.7595416083883464,36.03187758984096,0.09324941873181825
14.100000000000065,1.7475379858721443,3.1111624762689125,6.782026130838554,38.0045796041196,82.84622032205131,36.42439910065418,5.963608853619029,0.7592391644328433,36.42439910065418,0.09426525263144792
14.150000000000066,1.7484435955996054,3.1072147460645407,6.782035004850226,37.99570558903978,82.9322162767242,36.84294902450489,6.02588912208375,0.759217369829025,36.84294902450489,0.09534844728351709
14.200000000000067,1.7491424465940277,3.103214964181011,6.782254772449689,37.977136023739796,83.00121487360684,37.28386320039104,6.093131516479091,0.7596705881876623,37.28386320039104,0.09648951994922778
14.250000000000068,1.7496246887520934,3.0991670106934808,6.782688072112786,37.94851349583605,83.0522940372365,37.743296188370564,6.16481477909094,0.760726712393199,37.743296188370564,0.0976785187453214
14.300000000000068,1.74988436255006,3.0950748605619527,6.78333349201802,37.909656515534046,83.08485393662869,38.21723914915729,6.240373931226291,0.7624014881626406,38.21723914915728,0.09890506891593641
14.350000000000069,1.7499197087687157,3.090942425882701,6.784184948673773,37.860570338743536,83.0986398483166,38.701529752716056,6.31919694758627,0.764576893236039,38.70152975271606,0.1001583984757557
14.40000000000007,1.7497333668374937,3.0867734234378683,6.78523121791319,37.80145280867118,83.09375600176139,39.19185851026614,6.400621048981287,0.7670193728334632,39.191858510266144,0.1014273545970412
14.45000000000007,1.7493324582014034,3.0825712744353693,6.786455644280445,37.73269517393718,83.07067033964486,39.683777168171275,6.483929705832075,0.7694344991862813,39.68377716817128,0.10270042533277006
14.500000000000071,1.748728554637062,3.0783390419631633,6.787836048558102,37.65487801088533,83.0302104096186,40.172715698914054,6.568351602249478,0.771536388698271,40.172715698914054,0.10396578358876633
14.550000000000072,1.7479375346244326,3.0740794100702953,6.789344845976036,37.56876252615716,82.97355084292701,40.65401464130791,6.653062860855657,0.7731063578389405,40.65401464130791,0.10521137081920032
14.600000000000072,1.7469793335909456,3.0697947065957387,6.79094937979141,37.47527763571018,82.90219305901327,41.12297852991318,6.737193679402365,0.7740254563473759,41.12297852991318,0.10642503530031477
14.650000000000073,1.7458775959851283,3.065486969967169,6.792612466761737,37.3755033031793,82.81793795763195,41.57495346996536,6.819840102505268,0.7742790105290521,41.574953469965365,0.10759473289201335
14.700000000000074,1.7446592386639286,3.061158058262119,6.794293142887942,37.27065067189854,82.7228524210261,42.005427683981225,6.90008095525507,0.7739395757714699,42.005427683981225,0.10870878724946191
14.750000000000075,1.7433539360276988,3.0568097969409975,6.795947590016885,37.16203954325305,82.61923045614915,42.41014899688337,6.9769991387319985,0.7731367541757118,42.41014899688337,0.1097561938710681
14.800000000000075,1.74199353783338,3.052444159901814,6.797530216776296,37.05107374589017,82.50954977659497,42.78524916830643,7.04970575748712,0.7720214333816081,42.78524916830643,0.11072694186676144
14.850000000000076,1.7406114308652758,3.0480634769396904,6.798994861146957,36.93921491601711,82.39642457871707,43.127363006120056,7.117365127252593,0.7707309449173939,43.12736300612006,0.11161232222021898
14.900000000000077,1.7392418558972984,3.0436706593833827,6.800296076985149,36.827955181014,82.28255523269105,43.43373082929801,7.179218694218579,0.7693610978506006,43.433730829298014,0.11240519295969806
14.950000000000077,1.737919191896979,3.0392694346768647,6.801390463165112,36.71878921934852,82.17067561237762,43.702275681240245,7.234606234446645,0.7679503548849556,43.70227568124024,0.11310017898379844
15.000000000000078,1.736677220399176,3.034864580015824,6.802237991827638,36.61318616917639,82.06349884663759,43.93165067836028,7.282983238297227,0.766479898466256,43.93165067836028,0.11369379459818668
